Prompt_id,conversation_json,turn_1_user,turn_2_user,turn_3_user,active_instruction_ids_json,active_kwargs_json
1,"[{""role"": ""user"", ""content"": ""Given the sentence \""Two young boys with toy guns and horns.\"" can you ask a question? Please ensure that your response is in English, and in all lowercase letters. No capital letters are allowed.""}, {""role"": ""user"", ""content"": ""Your response should end with the exact phrase: \""what are they doing?\"" No other words should follow this phrase.""}, {""role"": ""user"", ""content"": ""The result should contain at least 801 words.""}]","Given the sentence ""Two young boys with toy guns and horns."" can you ask a question? Please ensure that your response is in English, and in all lowercase letters. No capital letters are allowed.","Your response should end with the exact phrase: ""what are they doing?"" No other words should follow this phrase.",The result should contain at least 801 words.,"[""change_case:english_lowercase"", ""startend:end_checker"", ""length_constraints:number_words""]","[{}, {""end_phrase"": ""what are they doing?""}, {""relation"": ""at least"", ""num_words"": 801}]"
2,"[{""role"": ""user"", ""content"": ""Write a 2 paragraph critique of the following sentence in all capital letters, no lowercase letters allowed: \""If the law is bad, you should not follow it\"". Label each paragraph with PARAGRAPH X.""}, {""role"": ""user"", ""content"": ""The text should contain a postscript marker, specifically the phrase \""P.S.\"", which indicates additional information or a final thought.""}, {""role"": ""user"", ""content"": ""Your response should include the following keywords: justice, government, consequences.""}]","Write a 2 paragraph critique of the following sentence in all capital letters, no lowercase letters allowed: ""If the law is bad, you should not follow it"". Label each paragraph with PARAGRAPH X.","The text should contain a postscript marker, specifically the phrase ""P.S."", which indicates additional information or a final thought.","Your response should include the following keywords: justice, government, consequences.","[""change_case:english_capital"", ""detectable_format:multiple_sections"", ""detectable_content:postscript"", ""keywords:existence""]","[{}, {""section_spliter"": ""PARAGRAPH"", ""num_sections"": 2}, {""postscript_marker"": ""P.S.""}, {""keywords"": [""justice"", ""government"", ""consequences""]}]"
3,"[{""role"": ""user"", ""content"": ""Given the sentence \""Two young boys with toy guns and horns.\"" can you ask a question? Please ensure that your response is in English, and in all lowercase letters. No capital letters are allowed.""}, {""role"": ""user"", ""content"": ""The result must contain a title wrapped in double angular brackets, i.e. <<title>>.""}, {""role"": ""user"", ""content"": ""Wrap your whole response with double quotation marks.""}]","Given the sentence ""Two young boys with toy guns and horns."" can you ask a question? Please ensure that your response is in English, and in all lowercase letters. No capital letters are allowed.","The result must contain a title wrapped in double angular brackets, i.e. <<title>>.",Wrap your whole response with double quotation marks.,"[""change_case:english_lowercase"", ""detectable_format:title"", ""startend:quotation""]","[{}, {}, {}]"
4,"[{""role"": ""user"", ""content"": ""Write me a resume for Matthias Algiers. Use words with all capital letters to highlight key abilities, but make sure that words with all capital letters appear less than 10 times. Wrap the entire response with double quotation marks.""}, {""role"": ""user"", ""content"": ""The result must contain a title wrapped in double angular brackets, i.e. <<title>>.""}, {""role"": ""user"", ""content"": ""The result should contain exactly 6 paragraphs. The paragraphs should be separated by the markdown divider: ***.""}]","Write me a resume for Matthias Algiers. Use words with all capital letters to highlight key abilities, but make sure that words with all capital letters appear less than 10 times. Wrap the entire response with double quotation marks.","The result must contain a title wrapped in double angular brackets, i.e. <<title>>.",The result should contain exactly 6 paragraphs. The paragraphs should be separated by the markdown divider: ***.,"[""change_case:capital_word_frequency"", ""change_case:capital_word_frequency"", ""startend:quotation"", ""detectable_format:title"", ""length_constraints:number_paragraphs""]","[{""capital_relation"": ""less than"", ""capital_frequency"": 10}, {""capital_relation"": ""at least"", ""capital_frequency"": 1}, {}, {}, {""num_paragraphs"": 6}]"
5,"[{""role"": ""user"", ""content"": ""Write me a resume for Matthias Algiers. Use words with all capital letters to highlight key abilities, but make sure that words with all capital letters appear less than 10 times. Wrap the entire response with double quotation marks.""}, {""role"": ""user"", ""content"": ""The result must contain a title wrapped in double angular brackets, i.e. <<title>>.""}, {""role"": ""user"", ""content"": ""Your response should not include the following words: bilingual, innovation, experience.""}]","Write me a resume for Matthias Algiers. Use words with all capital letters to highlight key abilities, but make sure that words with all capital letters appear less than 10 times. Wrap the entire response with double quotation marks.","The result must contain a title wrapped in double angular brackets, i.e. <<title>>.","Your response should not include the following words: bilingual, innovation, experience.","[""change_case:capital_word_frequency"", ""change_case:capital_word_frequency"", ""startend:quotation"", ""detectable_format:title"", ""keywords:forbidden_words""]","[{""capital_relation"": ""less than"", ""capital_frequency"": 10}, {""capital_relation"": ""at least"", ""capital_frequency"": 1}, {}, {}, {""forbidden_words"": [""bilingual"", ""innovation"", ""experience""]}]"
6,"[{""role"": ""user"", ""content"": ""Write a letter to a friend in all lowercase letters ask them to go and vote.""}, {""role"": ""user"", ""content"": ""Your response should not include the following words: ballot, polling, candidate.""}, {""role"": ""user"", ""content"": ""You should provide two responses. Separate your two responses with six asterisks (******)""}]",Write a letter to a friend in all lowercase letters ask them to go and vote.,"Your response should not include the following words: ballot, polling, candidate.",You should provide two responses. Separate your two responses with six asterisks (******),"[""change_case:english_lowercase"", ""keywords:forbidden_words"", ""combination:two_responses""]","[{}, {""forbidden_words"": [""ballot"", ""polling"", ""candidate""]}, {}]"
7,"[{""role"": ""user"", ""content"": ""Write a letter to a friend in all lowercase letters ask them to go and vote.""}, {""role"": ""user"", ""content"": ""Your response should include the following keywords: choice, date, polling.""}, {""role"": ""user"", ""content"": ""You should provide two responses. Separate your two responses with six asterisks (******)""}]",Write a letter to a friend in all lowercase letters ask them to go and vote.,"Your response should include the following keywords: choice, date, polling.",You should provide two responses. Separate your two responses with six asterisks (******),"[""change_case:english_lowercase"", ""keywords:existence"", ""combination:two_responses""]","[{}, {""keywords"": [""choice"", ""date"", ""polling""]}, {}]"
8,"[{""role"": ""user"", ""content"": ""Write a detailed review of the movie \""The Social Network\"". Your entire response should be in English and all lower case (no capital letters whatsoever).""}, {""role"": ""user"", ""content"": ""The text should have at least two sections, with \""Section\"" used as the section divider.""}, {""role"": ""user"", ""content"": ""Your response should contain a postscript with the marker \""P.P.S\"".""}]","Write a detailed review of the movie ""The Social Network"". Your entire response should be in English and all lower case (no capital letters whatsoever).","The text should have at least two sections, with ""Section"" used as the section divider.","Your response should contain a postscript with the marker ""P.P.S"".","[""change_case:english_lowercase"", ""detectable_format:multiple_sections"", ""detectable_content:postscript""]","[{}, {""section_spliter"": ""Section"", ""num_sections"": 2}, {""postscript_marker"": ""P.P.S""}]"
9,"[{""role"": ""user"", ""content"": ""Write a detailed review of the movie \""The Social Network\"". Your entire response should be in English and all lower case (no capital letters whatsoever).""}, {""role"": ""user"", ""content"": ""The result must contain a title wrapped in double angular brackets, i.e. <<title>>.""}, {""role"": ""user"", ""content"": ""Your response should end with the exact phrase: \""overall, a compelling narrative on the complexities of ambition and the digital age.\"" No other words should follow this phrase.""}]","Write a detailed review of the movie ""The Social Network"". Your entire response should be in English and all lower case (no capital letters whatsoever).","The result must contain a title wrapped in double angular brackets, i.e. <<title>>.","Your response should end with the exact phrase: ""overall, a compelling narrative on the complexities of ambition and the digital age."" No other words should follow this phrase.","[""change_case:english_lowercase"", ""detectable_format:title"", ""startend:end_checker""]","[{}, {}, {""end_phrase"": ""overall, a compelling narrative on the complexities of ambition and the digital age.""}]"
10,"[{""role"": ""user"", ""content"": ""Are hamburgers sandwiches? Please respond using only the Kannada language, no other language is allowed.""}, {""role"": ""user"", ""content"": ""Your response should include the word ಸಸ್ಯಹಾರಿ less than 3 times.""}, {""role"": ""user"", ""content"": ""You should provide two responses. Separate your two responses with six asterisks (******)""}]","Are hamburgers sandwiches? Please respond using only the Kannada language, no other language is allowed.",Your response should include the word ಸಸ್ಯಹಾರಿ less than 3 times.,You should provide two responses. Separate your two responses with six asterisks (******),"[""language:response_language"", ""keywords:frequency"", ""combination:two_responses""]","[{""language"": ""kn""}, {""relation"": ""less than"", ""keyword"": ""ಸಸ್ಯಹಾರಿ"", ""frequency"": 3}, {}]"
11,"[{""role"": ""user"", ""content"": ""Are hamburgers sandwiches? Please respond using only the Kannada language, no other language is allowed.""}, {""role"": ""user"", ""content"": ""Your response should end with the exact phrase: \""ಹೀಗಾಗಿ, ಹ್ಯಾಂಬರ್ಗರ್‌ಗಳು ವಿಶೇಷ ರೀತಿಯ ಸ್ಯಾಂಡ್‌ವಿಚ್‌ಗಳು ಎಂದು ಪರಿಗಣಿಸಬಹುದು.\"" No other words should follow this phrase.""}, {""role"": ""user"", ""content"": ""The result should contain exactly 6 paragraphs. The paragraphs should be separated by the markdown divider: ***.""}]","Are hamburgers sandwiches? Please respond using only the Kannada language, no other language is allowed.","Your response should end with the exact phrase: ""ಹೀಗಾಗಿ, ಹ್ಯಾಂಬರ್ಗರ್‌ಗಳು ವಿಶೇಷ ರೀತಿಯ ಸ್ಯಾಂಡ್‌ವಿಚ್‌ಗಳು ಎಂದು ಪರಿಗಣಿಸಬಹುದು."" No other words should follow this phrase.",The result should contain exactly 6 paragraphs. The paragraphs should be separated by the markdown divider: ***.,"[""language:response_language"", ""startend:end_checker"", ""length_constraints:number_paragraphs""]","[{""language"": ""kn""}, {""end_phrase"": ""ಹೀಗಾಗಿ, ಹ್ಯಾಂಬರ್ಗರ್‌ಗಳು ವಿಶೇಷ ರೀತಿಯ ಸ್ಯಾಂಡ್‌ವಿಚ್‌ಗಳು ಎಂದು ಪರಿಗಣಿಸಬಹುದು.""}, {""num_paragraphs"": 6}]"
12,"[{""role"": ""user"", ""content"": ""make a tweet for playboy's twitter account without using capital letters. Include at least 4 hashtags, starting with '#'""}, {""role"": ""user"", ""content"": ""Your response should end with the exact phrase: \""discover more with us.\"" No other words should follow this phrase.""}, {""role"": ""user"", ""content"": ""Your result should contain at least 2 highlighted sections with markdown, for example: *highlighted section*.""}]","make a tweet for playboy's twitter account without using capital letters. Include at least 4 hashtags, starting with '#'","Your response should end with the exact phrase: ""discover more with us."" No other words should follow this phrase.","Your result should contain at least 2 highlighted sections with markdown, for example: *highlighted section*.","[""change_case:english_lowercase"", ""keywords:letter_frequency"", ""startend:end_checker"", ""detectable_format:number_highlighted_sections""]","[{}, {""let_relation"": ""at least"", ""letter"": ""#"", ""let_frequency"": 4}, {""end_phrase"": ""discover more with us.""}, {""num_highlights"": 2}]"
13,"[{""role"": ""user"", ""content"": ""Write a poem about how I am missing my classes. The poem must have 4 sections marked with SECTION X. Finish the poem with this exact phrase: \""Can I get my money back for the classes I missed?\""""}, {""role"": ""user"", ""content"": ""Make sure your entire response is in English, and in all capital letters.""}, {""role"": ""user"", ""content"": ""The text should contain at least 400 words.""}]","Write a poem about how I am missing my classes. The poem must have 4 sections marked with SECTION X. Finish the poem with this exact phrase: ""Can I get my money back for the classes I missed?""","Make sure your entire response is in English, and in all capital letters.",The text should contain at least 400 words.,"[""detectable_format:multiple_sections"", ""startend:end_checker"", ""change_case:english_capital"", ""length_constraints:number_words""]","[{""section_spliter"": ""SECTION"", ""num_sections"": 4}, {""end_phrase"": ""Can I get my money back for the classes I missed?""}, {}, {""relation"": ""at least"", ""num_words"": 400}]"
14,"[{""role"": ""user"", ""content"": ""Write a poem about how I am missing my classes. The poem must have 4 sections marked with SECTION X. Finish the poem with this exact phrase: \""Can I get my money back for the classes I missed?\""""}, {""role"": ""user"", ""content"": ""Make sure your entire response is in English, and in all capital letters.""}, {""role"": ""user"", ""content"": ""Your response should include the word university at least 2 times.""}]","Write a poem about how I am missing my classes. The poem must have 4 sections marked with SECTION X. Finish the poem with this exact phrase: ""Can I get my money back for the classes I missed?""","Make sure your entire response is in English, and in all capital letters.",Your response should include the word university at least 2 times.,"[""detectable_format:multiple_sections"", ""startend:end_checker"", ""change_case:english_capital"", ""keywords:frequency""]","[{""section_spliter"": ""SECTION"", ""num_sections"": 4}, {""end_phrase"": ""Can I get my money back for the classes I missed?""}, {}, {""relation"": ""at least"", ""keyword"": ""university"", ""frequency"": 2}]"
15,"[{""role"": ""user"", ""content"": ""Write a weird poem about yoda being transported into a different universe in the Persian language, no other language is allowed.""}, {""role"": ""user"", ""content"": ""Your response should have 6 paragraphs and the 2-th paragraph should start with the word کهکشان. The paragraphs should be separated by two new lines.""}, {""role"": ""user"", ""content"": ""Your response should include the following keywords: سفر, سحر, یادا.""}]","Write a weird poem about yoda being transported into a different universe in the Persian language, no other language is allowed.",Your response should have 6 paragraphs and the 2-th paragraph should start with the word کهکشان. The paragraphs should be separated by two new lines.,"Your response should include the following keywords: سفر, سحر, یادا.","[""language:response_language"", ""length_constraints:nth_paragraph_first_word"", ""keywords:existence""]","[{""language"": ""fa""}, {""first_word"": ""کهکشان"", ""num_paragraphs"": 6, ""nth_paragraph"": 2}, {""keywords"": [""سفر"", ""سحر"", ""یادا""]}]"
16,"[{""role"": ""user"", ""content"": ""Write a weird poem about yoda being transported into a different universe in the Persian language, no other language is allowed.""}, {""role"": ""user"", ""content"": ""The result should contain exactly 6 paragraphs. The paragraphs should be separated by the markdown divider: ***.""}, {""role"": ""user"", ""content"": ""Your response should include the following keywords: یادا, کهکشان, جدایی.""}]","Write a weird poem about yoda being transported into a different universe in the Persian language, no other language is allowed.",The result should contain exactly 6 paragraphs. The paragraphs should be separated by the markdown divider: ***.,"Your response should include the following keywords: یادا, کهکشان, جدایی.","[""language:response_language"", ""length_constraints:number_paragraphs"", ""keywords:existence""]","[{""language"": ""fa""}, {""num_paragraphs"": 6}, {""keywords"": [""یادا"", ""کهکشان"", ""جدایی""]}]"
17,"[{""role"": ""user"", ""content"": ""Write a five line poem about the time you had a binge watching episode. The poem should have a rhyme scheme of AABBA and include the word \""Netflix\"". Your entire response should be in English, and should not contain any capital letters.""}, {""role"": ""user"", ""content"": ""The result must contain a title wrapped in double angular brackets, i.e. <<title>>.""}, {""role"": ""user"", ""content"": ""You should provide two responses. Separate your two responses with six asterisks (******)""}]","Write a five line poem about the time you had a binge watching episode. The poem should have a rhyme scheme of AABBA and include the word ""Netflix"". Your entire response should be in English, and should not contain any capital letters.","The result must contain a title wrapped in double angular brackets, i.e. <<title>>.",You should provide two responses. Separate your two responses with six asterisks (******),"[""change_case:english_lowercase"", ""keywords:existence"", ""detectable_format:title"", ""combination:two_responses""]","[{}, {""keywords"": [""netflix""]}, {}, {}]"
18,"[{""role"": ""user"", ""content"": ""Write a five line poem about the time you had a binge watching episode. The poem should have a rhyme scheme of AABBA and include the word \""Netflix\"". Your entire response should be in English, and should not contain any capital letters.""}, {""role"": ""user"", ""content"": ""There should be 3 sections highlighted with markdown, for example: *highlighted section*.""}, {""role"": ""user"", ""content"": ""Wrap your whole response with double quotation marks.""}]","Write a five line poem about the time you had a binge watching episode. The poem should have a rhyme scheme of AABBA and include the word ""Netflix"". Your entire response should be in English, and should not contain any capital letters.","There should be 3 sections highlighted with markdown, for example: *highlighted section*.",Wrap your whole response with double quotation marks.,"[""change_case:english_lowercase"", ""keywords:existence"", ""detectable_format:number_highlighted_sections"", ""startend:quotation""]","[{}, {""keywords"": [""netflix""]}, {""num_highlights"": 3}, {}]"
19,"[{""role"": ""user"", ""content"": ""Write an essay of at least 900 words on the topic of navigable freeway. Make sure the entire response is in English and no capital letters are used.""}, {""role"": ""user"", ""content"": ""The result should contain at least 7 sections, and each section should be separated by the word \""Day\"".""}, {""role"": ""user"", ""content"": ""Your response should include the following keywords: efficiency, transportation, design.""}]",Write an essay of at least 900 words on the topic of navigable freeway. Make sure the entire response is in English and no capital letters are used.,"The result should contain at least 7 sections, and each section should be separated by the word ""Day"".","Your response should include the following keywords: efficiency, transportation, design.","[""change_case:english_lowercase"", ""length_constraints:number_words"", ""detectable_format:multiple_sections"", ""keywords:existence""]","[{}, {""relation"": ""at least"", ""num_words"": 900}, {""section_spliter"": ""Day"", ""num_sections"": 7}, {""keywords"": [""efficiency"", ""transportation"", ""design""]}]"
20,"[{""role"": ""user"", ""content"": ""Write an essay of at least 900 words on the topic of navigable freeway. Make sure the entire response is in English and no capital letters are used.""}, {""role"": ""user"", ""content"": ""You should provide two responses. Separate your two responses with six asterisks (******)""}, {""role"": ""user"", ""content"": ""Your response should include the word vehicles at least 2 times.""}]",Write an essay of at least 900 words on the topic of navigable freeway. Make sure the entire response is in English and no capital letters are used.,You should provide two responses. Separate your two responses with six asterisks (******),Your response should include the word vehicles at least 2 times.,"[""change_case:english_lowercase"", ""length_constraints:number_words"", ""combination:two_responses"", ""keywords:frequency""]","[{}, {""relation"": ""at least"", ""num_words"": 900}, {}, {""relation"": ""at least"", ""keyword"": ""vehicles"", ""frequency"": 2}]"
21,"[{""role"": ""user"", ""content"": ""Write a cover letter for a job application as a tour guide in Beijing in all lowercase letters, with no capitalizations. Make it short -- the entire output should have less than 5 sentences.""}, {""role"": ""user"", ""content"": ""Your response should end with the exact phrase: \""looking forward to your positive response.\"" No other words should follow this phrase.""}, {""role"": ""user"", ""content"": ""Your response should include the following keywords: team, enthusiastic, knowledgeable.""}]","Write a cover letter for a job application as a tour guide in Beijing in all lowercase letters, with no capitalizations. Make it short -- the entire output should have less than 5 sentences.","Your response should end with the exact phrase: ""looking forward to your positive response."" No other words should follow this phrase.","Your response should include the following keywords: team, enthusiastic, knowledgeable.","[""change_case:english_lowercase"", ""length_constraints:number_sentences"", ""startend:end_checker"", ""keywords:existence""]","[{}, {""relation"": ""less than"", ""num_sentences"": 5}, {""end_phrase"": ""looking forward to your positive response.""}, {""keywords"": [""team"", ""enthusiastic"", ""knowledgeable""]}]"
22,"[{""role"": ""user"", ""content"": ""Write a cover letter for a job application as a tour guide in Beijing in all lowercase letters, with no capitalizations. Make it short -- the entire output should have less than 5 sentences.""}, {""role"": ""user"", ""content"": ""The result must contain a title wrapped in double angular brackets, i.e. <<title>>.""}, {""role"": ""user"", ""content"": ""Your response should contain a postscript with the marker \""P.P.S\"".""}]","Write a cover letter for a job application as a tour guide in Beijing in all lowercase letters, with no capitalizations. Make it short -- the entire output should have less than 5 sentences.","The result must contain a title wrapped in double angular brackets, i.e. <<title>>.","Your response should contain a postscript with the marker ""P.P.S"".","[""change_case:english_lowercase"", ""length_constraints:number_sentences"", ""detectable_format:title"", ""detectable_content:postscript""]","[{}, {""relation"": ""less than"", ""num_sentences"": 5}, {}, {""postscript_marker"": ""P.P.S""}]"
23,"[{""role"": ""user"", ""content"": ""Could you tell me what kind of balls are used in tennis? I would like the answer in the form of a medieval style poem with a P.P.S at the end.""}, {""role"": ""user"", ""content"": ""There should be 1 section highlighted with markdown, example: *highlighted section*.""}, {""role"": ""user"", ""content"": ""Your response should include the word court at least 6 times.""}]",Could you tell me what kind of balls are used in tennis? I would like the answer in the form of a medieval style poem with a P.P.S at the end.,"There should be 1 section highlighted with markdown, example: *highlighted section*.",Your response should include the word court at least 6 times.,"[""detectable_content:postscript"", ""detectable_format:number_highlighted_sections"", ""keywords:frequency""]","[{""postscript_marker"": ""P.P.S""}, {""num_highlights"": 1}, {""relation"": ""at least"", ""keyword"": ""court"", ""frequency"": 6}]"
24,"[{""role"": ""user"", ""content"": ""Could you tell me what kind of balls are used in tennis? I would like the answer in the form of a medieval style poem with a P.P.S at the end.""}, {""role"": ""user"", ""content"": ""Your response should include the following keywords: serve, realm, tournament.""}, {""role"": ""user"", ""content"": ""Your result must be entirely in lowercase English.""}]",Could you tell me what kind of balls are used in tennis? I would like the answer in the form of a medieval style poem with a P.P.S at the end.,"Your response should include the following keywords: serve, realm, tournament.",Your result must be entirely in lowercase English.,"[""detectable_content:postscript"", ""keywords:existence"", ""change_case:english_lowercase""]","[{""postscript_marker"": ""P.P.S""}, {""keywords"": [""serve"", ""realm"", ""tournament""]}, {}]"
25,"[{""role"": ""user"", ""content"": ""Write a song about regrets in the style of Taylor Swift. Please include explanations for the lyrics you write. Make sure your entire response is in English, and in all capital letters.""}, {""role"": ""user"", ""content"": ""The output should contain exactly 3 paragraphs. The paragraphs should be separated by the markdown divider: ***.""}, {""role"": ""user"", ""content"": ""Your response should include the word lonely at least 2 times.""}]","Write a song about regrets in the style of Taylor Swift. Please include explanations for the lyrics you write. Make sure your entire response is in English, and in all capital letters.",The output should contain exactly 3 paragraphs. The paragraphs should be separated by the markdown divider: ***.,Your response should include the word lonely at least 2 times.,"[""change_case:english_capital"", ""length_constraints:number_paragraphs"", ""keywords:frequency""]","[{}, {""num_paragraphs"": 3}, {""relation"": ""at least"", ""keyword"": ""lonely"", ""frequency"": 2}]"
26,"[{""role"": ""user"", ""content"": ""Write a song about regrets in the style of Taylor Swift. Please include explanations for the lyrics you write. Make sure your entire response is in English, and in all capital letters.""}, {""role"": ""user"", ""content"": ""Wrap your whole response with double quotation marks.""}, {""role"": ""user"", ""content"": ""The text should contain exactly 4 paragraphs. The paragraphs should be separated by the markdown divider: ***.""}]","Write a song about regrets in the style of Taylor Swift. Please include explanations for the lyrics you write. Make sure your entire response is in English, and in all capital letters.",Wrap your whole response with double quotation marks.,The text should contain exactly 4 paragraphs. The paragraphs should be separated by the markdown divider: ***.,"[""change_case:english_capital"", ""startend:quotation"", ""length_constraints:number_paragraphs""]","[{}, {}, {""num_paragraphs"": 4}]"
27,"[{""role"": ""user"", ""content"": ""Compose a poem that has the word \""land\"" and \""river\"". It should be about nature and love. Also, the word \""forest\"" should appear at least 3 times, and be written in English, with all letters lowercased.""}, {""role"": ""user"", ""content"": ""Your response should end with the exact phrase: \""where our hearts freely roam.\"" No other words should follow this phrase.""}, {""role"": ""user"", ""content"": ""You should provide two responses. Separate your two responses with six asterisks (******)""}]","Compose a poem that has the word ""land"" and ""river"". It should be about nature and love. Also, the word ""forest"" should appear at least 3 times, and be written in English, with all letters lowercased.","Your response should end with the exact phrase: ""where our hearts freely roam."" No other words should follow this phrase.",You should provide two responses. Separate your two responses with six asterisks (******),"[""keywords:frequency"", ""change_case:english_lowercase"", ""keywords:existence"", ""startend:end_checker"", ""combination:two_responses""]","[{""relation"": ""at least"", ""keyword"": ""forest"", ""frequency"": 3}, {}, {""keywords"": [""land"", ""river""]}, {""end_phrase"": ""where our hearts freely roam.""}, {}]"
28,"[{""role"": ""user"", ""content"": ""Compose a poem that has the word \""land\"" and \""river\"". It should be about nature and love. Also, the word \""forest\"" should appear at least 3 times, and be written in English, with all letters lowercased.""}, {""role"": ""user"", ""content"": ""You should provide two responses. Separate your two responses with six asterisks (******)""}, {""role"": ""user"", ""content"": ""Your response should end with the exact phrase: \""where our hearts freely roam.\"" No other words should follow this phrase.""}]","Compose a poem that has the word ""land"" and ""river"". It should be about nature and love. Also, the word ""forest"" should appear at least 3 times, and be written in English, with all letters lowercased.",You should provide two responses. Separate your two responses with six asterisks (******),"Your response should end with the exact phrase: ""where our hearts freely roam."" No other words should follow this phrase.","[""keywords:frequency"", ""change_case:english_lowercase"", ""keywords:existence"", ""combination:two_responses"", ""startend:end_checker""]","[{""relation"": ""at least"", ""keyword"": ""forest"", ""frequency"": 3}, {}, {""keywords"": [""land"", ""river""]}, {}, {""end_phrase"": ""where our hearts freely roam.""}]"
29,"[{""role"": ""user"", ""content"": ""Criticize this sentence in a funny way: \""Nhiệm vụ của mẹ là nuôi dạy con cái.\""\n\nProvide exactly two critiques separated by ******. Each response should be entirely in Vietnamese, no other language is allowed, and should not contain commas.""}, {""role"": ""user"", ""content"": ""Your response should include the following keywords: hước, gia, chung.""}, {""role"": ""user"", ""content"": ""Your response should end with the exact phrase: \""thế giới sẽ như thế nào nhỉ?\"" No other words should follow this phrase.""}]","Criticize this sentence in a funny way: ""Nhiệm vụ của mẹ là nuôi dạy con cái.""

Provide exactly two critiques separated by ******. Each response should be entirely in Vietnamese, no other language is allowed, and should not contain commas.","Your response should include the following keywords: hước, gia, chung.","Your response should end with the exact phrase: ""thế giới sẽ như thế nào nhỉ?"" No other words should follow this phrase.","[""combination:two_responses"", ""language:response_language"", ""punctuation:no_comma"", ""keywords:existence"", ""startend:end_checker""]","[{}, {""language"": ""vi""}, {}, {""keywords"": [""hước"", ""gia"", ""chung""]}, {""end_phrase"": ""thế giới sẽ như thế nào nhỉ?""}]"
30,"[{""role"": ""user"", ""content"": ""Criticize this sentence in a funny way: \""Nhiệm vụ của mẹ là nuôi dạy con cái.\""\n\nProvide exactly two critiques separated by ******. Each response should be entirely in Vietnamese, no other language is allowed, and should not contain commas.""}, {""role"": ""user"", ""content"": ""Your response should end with the exact phrase: \""thế giới sẽ như thế nào nhỉ?\"" No other words should follow this phrase.""}, {""role"": ""user"", ""content"": ""Your response should include the following keywords: cha, gia, nhiệm.""}]","Criticize this sentence in a funny way: ""Nhiệm vụ của mẹ là nuôi dạy con cái.""

Provide exactly two critiques separated by ******. Each response should be entirely in Vietnamese, no other language is allowed, and should not contain commas.","Your response should end with the exact phrase: ""thế giới sẽ như thế nào nhỉ?"" No other words should follow this phrase.","Your response should include the following keywords: cha, gia, nhiệm.","[""combination:two_responses"", ""language:response_language"", ""punctuation:no_comma"", ""startend:end_checker"", ""keywords:existence""]","[{}, {""language"": ""vi""}, {}, {""end_phrase"": ""thế giới sẽ như thế nào nhỉ?""}, {""keywords"": [""cha"", ""gia"", ""nhiệm""]}]"
31,"[{""role"": ""user"", ""content"": ""Summarize the following paragraph. Use words in all capital letters at least 3 times to highlight key points.\n\nHow to get to 100% renewable energy in the US? Two researchers from Stanford University and the University of California, Berkeley studied the potential for solar and wind energy to power the US grid. They concluded that it is possible to get to 100% renewable energy by 2050 by building more solar and wind farms. The authors also pointed out that such a system would be less vulnerable to disruptions than the current grid, which is reliant on a few large power plants. The authors' plan would also create jobs and reduce pollution.""}, {""role"": ""user"", ""content"": ""Your response should end with the exact phrase: \""this strategy proves not only feasible but essential for a sustainable future.\"" No other words should follow this phrase.""}, {""role"": ""user"", ""content"": ""You should provide two responses. Separate your two responses with six asterisks (******)""}]","Summarize the following paragraph. Use words in all capital letters at least 3 times to highlight key points.

How to get to 100% renewable energy in the US? Two researchers from Stanford University and the University of California, Berkeley studied the potential for solar and wind energy to power the US grid. They concluded that it is possible to get to 100% renewable energy by 2050 by building more solar and wind farms. The authors also pointed out that such a system would be less vulnerable to disruptions than the current grid, which is reliant on a few large power plants. The authors' plan would also create jobs and reduce pollution.","Your response should end with the exact phrase: ""this strategy proves not only feasible but essential for a sustainable future."" No other words should follow this phrase.",You should provide two responses. Separate your two responses with six asterisks (******),"[""change_case:capital_word_frequency"", ""startend:end_checker"", ""combination:two_responses""]","[{""capital_relation"": ""at least"", ""capital_frequency"": 3}, {""end_phrase"": ""this strategy proves not only feasible but essential for a sustainable future.""}, {}]"
32,"[{""role"": ""user"", ""content"": ""Summarize the following paragraph. Use words in all capital letters at least 3 times to highlight key points.\n\nHow to get to 100% renewable energy in the US? Two researchers from Stanford University and the University of California, Berkeley studied the potential for solar and wind energy to power the US grid. They concluded that it is possible to get to 100% renewable energy by 2050 by building more solar and wind farms. The authors also pointed out that such a system would be less vulnerable to disruptions than the current grid, which is reliant on a few large power plants. The authors' plan would also create jobs and reduce pollution.""}, {""role"": ""user"", ""content"": ""The response must contain at least 4 sentences.""}, {""role"": ""user"", ""content"": ""Your response should include the following keywords: strategy, feasible, viability.""}]","Summarize the following paragraph. Use words in all capital letters at least 3 times to highlight key points.

How to get to 100% renewable energy in the US? Two researchers from Stanford University and the University of California, Berkeley studied the potential for solar and wind energy to power the US grid. They concluded that it is possible to get to 100% renewable energy by 2050 by building more solar and wind farms. The authors also pointed out that such a system would be less vulnerable to disruptions than the current grid, which is reliant on a few large power plants. The authors' plan would also create jobs and reduce pollution.",The response must contain at least 4 sentences.,"Your response should include the following keywords: strategy, feasible, viability.","[""change_case:capital_word_frequency"", ""length_constraints:number_sentences"", ""keywords:existence""]","[{""capital_relation"": ""at least"", ""capital_frequency"": 3}, {""relation"": ""at least"", ""num_sentences"": 4}, {""keywords"": [""strategy"", ""feasible"", ""viability""]}]"
33,"[{""role"": ""user"", ""content"": ""Compose a poem all in lowercase letters about my friend Barnet.""}, {""role"": ""user"", ""content"": ""The result must contain a title wrapped in double angular brackets, i.e. <<title>>.""}, {""role"": ""user"", ""content"": ""Your response should include the word reliable at least 3 times.""}]",Compose a poem all in lowercase letters about my friend Barnet.,"The result must contain a title wrapped in double angular brackets, i.e. <<title>>.",Your response should include the word reliable at least 3 times.,"[""change_case:english_lowercase"", ""detectable_format:title"", ""keywords:frequency""]","[{}, {}, {""relation"": ""at least"", ""keyword"": ""reliable"", ""frequency"": 3}]"
34,"[{""role"": ""user"", ""content"": ""Write a rap about a new smartphone. At the end of your response add a postscript starting with P.P.S The response must contain at least 6 placeholders represented by square brackets.""}, {""role"": ""user"", ""content"": ""In your response, words in all capital letters should have less than 11 times.""}, {""role"": ""user"", ""content"": ""Your response should include the following keywords: speed, performance, innovation.""}]",Write a rap about a new smartphone. At the end of your response add a postscript starting with P.P.S The response must contain at least 6 placeholders represented by square brackets.,"In your response, words in all capital letters should have less than 11 times.","Your response should include the following keywords: speed, performance, innovation.","[""detectable_content:postscript"", ""detectable_content:number_placeholders"", ""change_case:capital_word_frequency"", ""keywords:existence""]","[{""postscript_marker"": ""P.P.S""}, {""num_placeholders"": 6}, {""capital_relation"": ""less than"", ""capital_frequency"": 11}, {""keywords"": [""speed"", ""performance"", ""innovation""]}]"
35,"[{""role"": ""user"", ""content"": ""Write a rap about a new smartphone. At the end of your response add a postscript starting with P.P.S The response must contain at least 6 placeholders represented by square brackets.""}, {""role"": ""user"", ""content"": ""You should provide two responses. Separate your two responses with six asterisks (******)""}, {""role"": ""user"", ""content"": ""Your response should include the following keywords: innovation, features, speed.""}]",Write a rap about a new smartphone. At the end of your response add a postscript starting with P.P.S The response must contain at least 6 placeholders represented by square brackets.,You should provide two responses. Separate your two responses with six asterisks (******),"Your response should include the following keywords: innovation, features, speed.","[""detectable_content:postscript"", ""detectable_content:number_placeholders"", ""combination:two_responses"", ""keywords:existence""]","[{""postscript_marker"": ""P.P.S""}, {""num_placeholders"": 6}, {}, {""keywords"": [""innovation"", ""features"", ""speed""]}]"
36,"[{""role"": ""user"", ""content"": ""I really love the album called Lilith. I want to introduce it to my friend Luheng. Draft an email for it. Add a postscript to your response that starts with P.S.""}, {""role"": ""user"", ""content"": ""The result must contain a title wrapped in double angular brackets, i.e. <<title>>.""}, {""role"": ""user"", ""content"": ""Your response should include the following keywords: friend, enjoy, music.""}]",I really love the album called Lilith. I want to introduce it to my friend Luheng. Draft an email for it. Add a postscript to your response that starts with P.S.,"The result must contain a title wrapped in double angular brackets, i.e. <<title>>.","Your response should include the following keywords: friend, enjoy, music.","[""detectable_content:postscript"", ""detectable_format:title"", ""keywords:existence""]","[{""postscript_marker"": ""P.S.""}, {}, {""keywords"": [""friend"", ""enjoy"", ""music""]}]"
37,"[{""role"": ""user"", ""content"": ""I really love the album called Lilith. I want to introduce it to my friend Luheng. Draft an email for it. Add a postscript to your response that starts with P.S.""}, {""role"": ""user"", ""content"": ""Make sure your entire response is in English, and in all capital letters.""}, {""role"": ""user"", ""content"": ""The result should have at least 100 sentences.""}]",I really love the album called Lilith. I want to introduce it to my friend Luheng. Draft an email for it. Add a postscript to your response that starts with P.S.,"Make sure your entire response is in English, and in all capital letters.",The result should have at least 100 sentences.,"[""detectable_content:postscript"", ""change_case:english_capital"", ""length_constraints:number_sentences""]","[{""postscript_marker"": ""P.S.""}, {}, {""relation"": ""at least"", ""num_sentences"": 100}]"
38,"[{""role"": ""user"", ""content"": ""Create a 5 day itinerary for a trip to Mesa, Arizona. Wrap your entire response with double quotes and include the letter \""l\"" at least 15 times.""}, {""role"": ""user"", ""content"": ""The result should contain exactly 2 paragraphs. The paragraphs should be separated by the markdown divider: ***.""}, {""role"": ""user"", ""content"": ""In your response, words in all capital letters should have less than 11 times.""}]","Create a 5 day itinerary for a trip to Mesa, Arizona. Wrap your entire response with double quotes and include the letter ""l"" at least 15 times.",The result should contain exactly 2 paragraphs. The paragraphs should be separated by the markdown divider: ***.,"In your response, words in all capital letters should have less than 11 times.","[""startend:quotation"", ""keywords:letter_frequency"", ""length_constraints:number_paragraphs"", ""change_case:capital_word_frequency""]","[{}, {""let_relation"": ""at least"", ""letter"": ""l"", ""let_frequency"": 15}, {""num_paragraphs"": 2}, {""capital_relation"": ""less than"", ""capital_frequency"": 11}]"
39,"[{""role"": ""user"", ""content"": ""Create a 5 day itinerary for a trip to Mesa, Arizona. Wrap your entire response with double quotes and include the letter \""l\"" at least 15 times.""}, {""role"": ""user"", ""content"": ""The output should contain exactly 3 paragraphs. The paragraphs should be separated by the markdown divider: ***.""}, {""role"": ""user"", ""content"": ""Your result must be entirely in lowercase English.""}]","Create a 5 day itinerary for a trip to Mesa, Arizona. Wrap your entire response with double quotes and include the letter ""l"" at least 15 times.",The output should contain exactly 3 paragraphs. The paragraphs should be separated by the markdown divider: ***.,Your result must be entirely in lowercase English.,"[""startend:quotation"", ""keywords:letter_frequency"", ""length_constraints:number_paragraphs"", ""change_case:english_lowercase""]","[{}, {""let_relation"": ""at least"", ""letter"": ""l"", ""let_frequency"": 15}, {""num_paragraphs"": 3}, {}]"
40,"[{""role"": ""user"", ""content"": ""Make a rubric for a home theater installation targeting moms. Your answer must contain exactly 4 bullet points. Use markdown bullet points such as:\n* This is point 1""}, {""role"": ""user"", ""content"": ""Your response should include the following keywords: design, functionality, support.""}, {""role"": ""user"", ""content"": ""The response should contain fewer than 600 words.""}]","Make a rubric for a home theater installation targeting moms. Your answer must contain exactly 4 bullet points. Use markdown bullet points such as:
* This is point 1","Your response should include the following keywords: design, functionality, support.",The response should contain fewer than 600 words.,"[""detectable_format:number_bullet_lists"", ""keywords:existence"", ""length_constraints:number_words""]","[{""num_bullets"": 4}, {""keywords"": [""design"", ""functionality"", ""support""]}, {""relation"": ""less than"", ""num_words"": 600}]"
41,"[{""role"": ""user"", ""content"": ""Make a rubric for a home theater installation targeting moms. Your answer must contain exactly 4 bullet points. Use markdown bullet points such as:\n* This is point 1""}, {""role"": ""user"", ""content"": ""In your response, words in all capital letters should have at least 1 times.""}, {""role"": ""user"", ""content"": ""Your response should not include the following words: budget, instructions, functionality.""}]","Make a rubric for a home theater installation targeting moms. Your answer must contain exactly 4 bullet points. Use markdown bullet points such as:
* This is point 1","In your response, words in all capital letters should have at least 1 times.","Your response should not include the following words: budget, instructions, functionality.","[""detectable_format:number_bullet_lists"", ""change_case:capital_word_frequency"", ""keywords:forbidden_words""]","[{""num_bullets"": 4}, {""capital_relation"": ""at least"", ""capital_frequency"": 1}, {""forbidden_words"": [""budget"", ""instructions"", ""functionality""]}]"
42,"[{""role"": ""user"", ""content"": ""\""Coincidence is God's way of remaining anonymous.\"" What are your thoughts on this quote? Please do not use commas in your response. Answer with more than 800 words.""}, {""role"": ""user"", ""content"": ""The result must contain a title wrapped in double angular brackets, i.e. <<title>>.""}, {""role"": ""user"", ""content"": ""Make sure your entire response is in English, and in all capital letters.""}]",Coincidence is God's way of remaining anonymous. What are your thoughts on this quote? Please do not use commas in your response. Answer with more than 800 words.,"The result must contain a title wrapped in double angular brackets, i.e. <<title>>.","Make sure your entire response is in English, and in all capital letters.","[""punctuation:no_comma"", ""length_constraints:number_words"", ""detectable_format:title"", ""change_case:english_capital""]","[{}, {""relation"": ""at least"", ""num_words"": 801}, {}, {}]"
43,"[{""role"": ""user"", ""content"": ""\""Coincidence is God's way of remaining anonymous.\"" What are your thoughts on this quote? Please do not use commas in your response. Answer with more than 800 words.""}, {""role"": ""user"", ""content"": ""The result must contain a title wrapped in double angular brackets, i.e. <<title>>.""}, {""role"": ""user"", ""content"": ""Your result must be entirely in lowercase English.""}]",Coincidence is God's way of remaining anonymous. What are your thoughts on this quote? Please do not use commas in your response. Answer with more than 800 words.,"The result must contain a title wrapped in double angular brackets, i.e. <<title>>.",Your result must be entirely in lowercase English.,"[""punctuation:no_comma"", ""length_constraints:number_words"", ""detectable_format:title"", ""change_case:english_lowercase""]","[{}, {""relation"": ""at least"", ""num_words"": 801}, {}, {}]"
44,"[{""role"": ""user"", ""content"": ""Write a cover letter for a job at a local coffee shop in the form of a poem. Highlight at least 5 text sections using \""*\"". For example: *3 years of experience*.""}, {""role"": ""user"", ""content"": ""The text should contain a postscript marker, specifically the phrase \""P.S.\"", which indicates additional information or a final thought.""}, {""role"": ""user"", ""content"": ""Your response should include the word foam less than 2 times.""}]","Write a cover letter for a job at a local coffee shop in the form of a poem. Highlight at least 5 text sections using ""*"". For example: *3 years of experience*.","The text should contain a postscript marker, specifically the phrase ""P.S."", which indicates additional information or a final thought.",Your response should include the word foam less than 2 times.,"[""detectable_format:number_highlighted_sections"", ""detectable_content:postscript"", ""keywords:frequency""]","[{""num_highlights"": 5}, {""postscript_marker"": ""P.S.""}, {""relation"": ""less than"", ""keyword"": ""foam"", ""frequency"": 2}]"
45,"[{""role"": ""user"", ""content"": ""Write a cover letter for a job at a local coffee shop in the form of a poem. Highlight at least 5 text sections using \""*\"". For example: *3 years of experience*.""}, {""role"": ""user"", ""content"": ""Make sure your entire response is in English, and in all capital letters.""}, {""role"": ""user"", ""content"": ""Your response should include the following keywords: service, latte, enthusiasm.""}]","Write a cover letter for a job at a local coffee shop in the form of a poem. Highlight at least 5 text sections using ""*"". For example: *3 years of experience*.","Make sure your entire response is in English, and in all capital letters.","Your response should include the following keywords: service, latte, enthusiasm.","[""detectable_format:number_highlighted_sections"", ""change_case:english_capital"", ""keywords:existence""]","[{""num_highlights"": 5}, {}, {""keywords"": [""service"", ""latte"", ""enthusiasm""]}]"
46,"[{""role"": ""user"", ""content"": ""Create a riddle about the name Sheldon using only 10 words. Make sure to only use capital letters in your entire response.""}, {""role"": ""user"", ""content"": ""You should provide two responses. Separate your two responses with six asterisks (******)""}, {""role"": ""user"", ""content"": ""The response should contain fewer than 600 words.""}]",Create a riddle about the name Sheldon using only 10 words. Make sure to only use capital letters in your entire response.,You should provide two responses. Separate your two responses with six asterisks (******),The response should contain fewer than 600 words.,"[""change_case:english_capital"", ""combination:two_responses"", ""length_constraints:number_words""]","[{}, {}, {""relation"": ""less than"", ""num_words"": 600}]"
47,"[{""role"": ""user"", ""content"": ""Write a logic quiz for teenagers about a chesterfield. In your entire response, the letter t should appear at most once.""}, {""role"": ""user"", ""content"": ""Your response should end with the exact phrase: \""finally, guess which furnishing i am.\"" No other words should follow this phrase.""}, {""role"": ""user"", ""content"": ""In your response, words in all capital letters should have at least 20 times.""}]","Write a logic quiz for teenagers about a chesterfield. In your entire response, the letter t should appear at most once.","Your response should end with the exact phrase: ""finally, guess which furnishing i am."" No other words should follow this phrase.","In your response, words in all capital letters should have at least 20 times.","[""keywords:letter_frequency"", ""startend:end_checker"", ""change_case:capital_word_frequency""]","[{""let_relation"": ""less than"", ""letter"": ""t"", ""let_frequency"": 2}, {""end_phrase"": ""finally, guess which furnishing i am.""}, {""capital_relation"": ""at least"", ""capital_frequency"": 20}]"
48,"[{""role"": ""user"", ""content"": ""Write a logic quiz for teenagers about a chesterfield. In your entire response, the letter t should appear at most once.""}, {""role"": ""user"", ""content"": ""The response should contain at least 1 sentence.""}, {""role"": ""user"", ""content"": ""In your response, words in all capital letters should have at least 3 times.""}]","Write a logic quiz for teenagers about a chesterfield. In your entire response, the letter t should appear at most once.",The response should contain at least 1 sentence.,"In your response, words in all capital letters should have at least 3 times.","[""keywords:letter_frequency"", ""length_constraints:number_sentences"", ""change_case:capital_word_frequency""]","[{""let_relation"": ""less than"", ""letter"": ""t"", ""let_frequency"": 2}, {""relation"": ""at least"", ""num_sentences"": 1}, {""capital_relation"": ""at least"", ""capital_frequency"": 3}]"
49,"[{""role"": ""user"", ""content"": ""Write the lyrics to a hit song by the rock band 'The Gifted and The Not Gifted'. To make it rocky, the response should be in all capital letters. The word \""rock\"" should not appear in your response.""}, {""role"": ""user"", ""content"": ""The output should contain exactly 3 paragraphs. The paragraphs should be separated by the markdown divider: ***.""}, {""role"": ""user"", ""content"": ""The text should contain a postscript marker, specifically the phrase \""P.S.\"", which indicates additional information or a final thought.""}]","Write the lyrics to a hit song by the rock band 'The Gifted and The Not Gifted'. To make it rocky, the response should be in all capital letters. The word ""rock"" should not appear in your response.",The output should contain exactly 3 paragraphs. The paragraphs should be separated by the markdown divider: ***.,"The text should contain a postscript marker, specifically the phrase ""P.S."", which indicates additional information or a final thought.","[""change_case:english_capital"", ""keywords:forbidden_words"", ""length_constraints:number_paragraphs"", ""detectable_content:postscript""]","[{}, {""forbidden_words"": [""rock""]}, {""num_paragraphs"": 3}, {""postscript_marker"": ""P.S.""}]"
50,"[{""role"": ""user"", ""content"": ""Write the lyrics to a hit song by the rock band 'The Gifted and The Not Gifted'. To make it rocky, the response should be in all capital letters. The word \""rock\"" should not appear in your response.""}, {""role"": ""user"", ""content"": ""The result must contain a title wrapped in double angular brackets, i.e. <<title>>.""}, {""role"": ""user"", ""content"": ""The output should contain exactly 3 paragraphs. The paragraphs should be separated by the markdown divider: ***.""}]","Write the lyrics to a hit song by the rock band 'The Gifted and The Not Gifted'. To make it rocky, the response should be in all capital letters. The word ""rock"" should not appear in your response.","The result must contain a title wrapped in double angular brackets, i.e. <<title>>.",The output should contain exactly 3 paragraphs. The paragraphs should be separated by the markdown divider: ***.,"[""change_case:english_capital"", ""keywords:forbidden_words"", ""detectable_format:title"", ""length_constraints:number_paragraphs""]","[{}, {""forbidden_words"": [""rock""]}, {}, {""num_paragraphs"": 3}]"
51,"[{""role"": ""user"", ""content"": ""Write a funny haiku about moms, containing keywords \""mom\"" and \""mother\"" in your response.\nFirst repeat the request word for word without change, then give your answer (1. do not say any words or characters before repeating the request; 2. the request you need to repeat does not include this sentence)""}, {""role"": ""user"", ""content"": ""The result should contain three sections, and each section should be separated by the word \""SECTION\"" in capital letters.""}, {""role"": ""user"", ""content"": ""The text should contain a postscript marker, specifically the phrase \""P.S.\"", which indicates additional information or a final thought.""}]","Write a funny haiku about moms, containing keywords ""mom"" and ""mother"" in your response.
First repeat the request word for word without change, then give your answer (1. do not say any words or characters before repeating the request; 2. the request you need to repeat does not include this sentence)","The result should contain three sections, and each section should be separated by the word ""SECTION"" in capital letters.","The text should contain a postscript marker, specifically the phrase ""P.S."", which indicates additional information or a final thought.","[""combination:repeat_prompt"", ""keywords:existence"", ""detectable_format:multiple_sections"", ""detectable_content:postscript""]","[{""prompt_to_repeat"": ""Write a funny haiku about moms, containing keywords \""mom\"" and \""mother\"" in your response.""}, {""keywords"": [""mom"", ""mother""]}, {""section_spliter"": ""SECTION"", ""num_sections"": 3}, {""postscript_marker"": ""P.S.""}]"
52,"[{""role"": ""user"", ""content"": ""Write a funny haiku about moms, containing keywords \""mom\"" and \""mother\"" in your response.\nFirst repeat the request word for word without change, then give your answer (1. do not say any words or characters before repeating the request; 2. the request you need to repeat does not include this sentence)""}, {""role"": ""user"", ""content"": ""Make sure your entire response is in English, and in all capital letters.""}, {""role"": ""user"", ""content"": ""The text should contain less than 20 sentences.""}]","Write a funny haiku about moms, containing keywords ""mom"" and ""mother"" in your response.
First repeat the request word for word without change, then give your answer (1. do not say any words or characters before repeating the request; 2. the request you need to repeat does not include this sentence)","Make sure your entire response is in English, and in all capital letters.",The text should contain less than 20 sentences.,"[""combination:repeat_prompt"", ""keywords:existence"", ""change_case:english_capital"", ""length_constraints:number_sentences""]","[{""prompt_to_repeat"": ""Write a funny haiku about moms, containing keywords \""mom\"" and \""mother\"" in your response.""}, {""keywords"": [""mom"", ""mother""]}, {}, {""relation"": ""less than"", ""num_sentences"": 20}]"
53,"[{""role"": ""user"", ""content"": ""Write a social media post for students of Islamic history about the hajj pilgrimage. Use all lowercase letters and include the word story at least twice.""}, {""role"": ""user"", ""content"": ""The output should contain exactly 3 paragraphs. The paragraphs should be separated by the markdown divider: ***.""}, {""role"": ""user"", ""content"": ""Wrap your whole response with double quotation marks.""}]",Write a social media post for students of Islamic history about the hajj pilgrimage. Use all lowercase letters and include the word story at least twice.,The output should contain exactly 3 paragraphs. The paragraphs should be separated by the markdown divider: ***.,Wrap your whole response with double quotation marks.,"[""change_case:english_lowercase"", ""keywords:frequency"", ""length_constraints:number_paragraphs"", ""startend:quotation""]","[{}, {""relation"": ""at least"", ""keyword"": ""story"", ""frequency"": 2}, {""num_paragraphs"": 3}, {}]"
54,"[{""role"": ""user"", ""content"": ""Write a social media post for students of Islamic history about the hajj pilgrimage. Use all lowercase letters and include the word story at least twice.""}, {""role"": ""user"", ""content"": ""The text should contain a postscript marker, specifically the phrase \""P.S.\"", which indicates additional information or a final thought.""}, {""role"": ""user"", ""content"": ""Your response should have 3 paragraphs and the 3-th paragraph should start with the word muhammad. The paragraphs should be separated by two new lines.""}]",Write a social media post for students of Islamic history about the hajj pilgrimage. Use all lowercase letters and include the word story at least twice.,"The text should contain a postscript marker, specifically the phrase ""P.S."", which indicates additional information or a final thought.",Your response should have 3 paragraphs and the 3-th paragraph should start with the word muhammad. The paragraphs should be separated by two new lines.,"[""change_case:english_lowercase"", ""keywords:frequency"", ""detectable_content:postscript"", ""length_constraints:nth_paragraph_first_word""]","[{}, {""relation"": ""at least"", ""keyword"": ""story"", ""frequency"": 2}, {""postscript_marker"": ""P.S.""}, {""first_word"": ""muhammad"", ""num_paragraphs"": 3, ""nth_paragraph"": 3}]"
55,"[{""role"": ""user"", ""content"": ""Can you give me two different formal alternatives to \""What's up? I'm going to the beach today\"" and do not use any commas in your response.""}, {""role"": ""user"", ""content"": ""The result must contain a title wrapped in double angular brackets, i.e. <<title>>.""}, {""role"": ""user"", ""content"": ""You should provide two responses. Separate your two responses with six asterisks (******)""}]","Can you give me two different formal alternatives to ""What's up? I'm going to the beach today"" and do not use any commas in your response.","The result must contain a title wrapped in double angular brackets, i.e. <<title>>.",You should provide two responses. Separate your two responses with six asterisks (******),"[""punctuation:no_comma"", ""detectable_format:title"", ""combination:two_responses""]","[{}, {}, {}]"
56,"[{""role"": ""user"", ""content"": ""What happened when the Tang dynasty of China was in power? Make sure to use the word war at least 8 times, and the word peace at least 10 times.""}, {""role"": ""user"", ""content"": ""Your response should end with the exact phrase: \""thus, the interplay of war and peace shaped a legacy that resonates through history.\"" No other words should follow this phrase.""}, {""role"": ""user"", ""content"": ""Make sure your entire response is in English, and in all capital letters.""}]","What happened when the Tang dynasty of China was in power? Make sure to use the word war at least 8 times, and the word peace at least 10 times.","Your response should end with the exact phrase: ""thus, the interplay of war and peace shaped a legacy that resonates through history."" No other words should follow this phrase.","Make sure your entire response is in English, and in all capital letters.","[""keywords:frequency"", ""keywords:frequency"", ""startend:end_checker"", ""change_case:english_capital""]","[{""relation"": ""at least"", ""keyword"": ""war"", ""frequency"": 8}, {""relation"": ""at least"", ""keyword"": ""peace"", ""frequency"": 10}, {""end_phrase"": ""thus, the interplay of war and peace shaped a legacy that resonates through history.""}, {}]"
57,"[{""role"": ""user"", ""content"": ""What happened when the Tang dynasty of China was in power? Make sure to use the word war at least 8 times, and the word peace at least 10 times.""}, {""role"": ""user"", ""content"": ""Make sure your entire response is in English, and in all capital letters.""}, {""role"": ""user"", ""content"": ""The text should contain a postscript marker, specifically the phrase \""P.S.\"", which indicates additional information or a final thought.""}]","What happened when the Tang dynasty of China was in power? Make sure to use the word war at least 8 times, and the word peace at least 10 times.","Make sure your entire response is in English, and in all capital letters.","The text should contain a postscript marker, specifically the phrase ""P.S."", which indicates additional information or a final thought.","[""keywords:frequency"", ""keywords:frequency"", ""change_case:english_capital"", ""detectable_content:postscript""]","[{""relation"": ""at least"", ""keyword"": ""war"", ""frequency"": 8}, {""relation"": ""at least"", ""keyword"": ""peace"", ""frequency"": 10}, {}, {""postscript_marker"": ""P.S.""}]"
58,"[{""role"": ""user"", ""content"": ""What sentiments existed in the Croatian and Serbian nations towards the Austrian Empire at the end of the 19th century? Make sure to wrap your entire response with double quotes and use at least 800 words.""}, {""role"": ""user"", ""content"": ""In your response, words in all capital letters should have less than 10 times.""}, {""role"": ""user"", ""content"": ""Your response should not include the following words: reform, conflict, identity.""}]",What sentiments existed in the Croatian and Serbian nations towards the Austrian Empire at the end of the 19th century? Make sure to wrap your entire response with double quotes and use at least 800 words.,"In your response, words in all capital letters should have less than 10 times.","Your response should not include the following words: reform, conflict, identity.","[""startend:quotation"", ""length_constraints:number_words"", ""change_case:capital_word_frequency"", ""keywords:forbidden_words""]","[{}, {""relation"": ""at least"", ""num_words"": 800}, {""capital_relation"": ""less than"", ""capital_frequency"": 10}, {""forbidden_words"": [""reform"", ""conflict"", ""identity""]}]"
59,"[{""role"": ""user"", ""content"": ""Which one is a better brand for sneakers: Prada or Nike? Your entire response should be in English, and in all capital letters. At the end of your response, please explicitly add a postscript starting with P.S. The word sneaker should appear 10 or more times in your response.""}, {""role"": ""user"", ""content"": ""Your response should end with the exact phrase: \""all things considered, each brand has its strengths depending on what you're looking for in a sneaker.\"" No other words should follow this phrase.""}, {""role"": ""user"", ""content"": ""The output should contain at least 3 sentences.""}]","Which one is a better brand for sneakers: Prada or Nike? Your entire response should be in English, and in all capital letters. At the end of your response, please explicitly add a postscript starting with P.S. The word sneaker should appear 10 or more times in your response.","Your response should end with the exact phrase: ""all things considered, each brand has its strengths depending on what you're looking for in a sneaker."" No other words should follow this phrase.",The output should contain at least 3 sentences.,"[""change_case:english_capital"", ""detectable_content:postscript"", ""keywords:frequency"", ""startend:end_checker"", ""length_constraints:number_sentences""]","[{}, {""postscript_marker"": ""P.S.""}, {""relation"": ""at least"", ""keyword"": ""sneaker"", ""frequency"": 10}, {""end_phrase"": ""all things considered, each brand has its strengths depending on what you're looking for in a sneaker.""}, {""relation"": ""at least"", ""num_sentences"": 3}]"
60,"[{""role"": ""user"", ""content"": ""Which one is a better brand for sneakers: Prada or Nike? Your entire response should be in English, and in all capital letters. At the end of your response, please explicitly add a postscript starting with P.S. The word sneaker should appear 10 or more times in your response.""}, {""role"": ""user"", ""content"": ""The output should contain exactly 3 paragraphs. The paragraphs should be separated by the markdown divider: ***.""}, {""role"": ""user"", ""content"": ""The result must contain a title wrapped in double angular brackets, i.e. <<title>>.""}]","Which one is a better brand for sneakers: Prada or Nike? Your entire response should be in English, and in all capital letters. At the end of your response, please explicitly add a postscript starting with P.S. The word sneaker should appear 10 or more times in your response.",The output should contain exactly 3 paragraphs. The paragraphs should be separated by the markdown divider: ***.,"The result must contain a title wrapped in double angular brackets, i.e. <<title>>.","[""change_case:english_capital"", ""detectable_content:postscript"", ""keywords:frequency"", ""length_constraints:number_paragraphs"", ""detectable_format:title""]","[{}, {""postscript_marker"": ""P.S.""}, {""relation"": ""at least"", ""keyword"": ""sneaker"", ""frequency"": 10}, {""num_paragraphs"": 3}, {}]"
61,"[{""role"": ""user"", ""content"": ""How many feet off the ground was the tallest skyscraper in the world in 2000? Please include only the main points in your answer. Finish your response with the exact phrase of \""Is there anything else I can help with?\"" with no other words after the word \""with\"". Mention the word \""skyscraper\"" for at least 8 times.""}, {""role"": ""user"", ""content"": ""Your response should contain a postscript with the marker \""P.P.S\"".""}, {""role"": ""user"", ""content"": ""Make sure your entire response is in English, and in all capital letters.""}]","How many feet off the ground was the tallest skyscraper in the world in 2000? Please include only the main points in your answer. Finish your response with the exact phrase of ""Is there anything else I can help with?"" with no other words after the word ""with"". Mention the word ""skyscraper"" for at least 8 times.","Your response should contain a postscript with the marker ""P.P.S"".","Make sure your entire response is in English, and in all capital letters.","[""startend:end_checker"", ""keywords:frequency"", ""detectable_content:postscript"", ""change_case:english_capital""]","[{""end_phrase"": ""Is there anything else I can help with?""}, {""relation"": ""at least"", ""keyword"": ""skyscraper"", ""frequency"": 8}, {""postscript_marker"": ""P.P.S""}, {}]"
62,"[{""role"": ""user"", ""content"": ""Can you give me a nickname for Stafford? Please use JSON format and do not say the word \""nickname\"" in the response. Do not add anything outside of the JSON block.""}, {""role"": ""user"", ""content"": ""Make sure your entire response is in English, and in all capital letters.""}, {""role"": ""user"", ""content"": ""Your response should have 3 paragraphs and the 1-th paragraph should start with the word sford. The paragraphs should be separated by two new lines.""}]","Can you give me a nickname for Stafford? Please use JSON format and do not say the word ""nickname"" in the response. Do not add anything outside of the JSON block.","Make sure your entire response is in English, and in all capital letters.",Your response should have 3 paragraphs and the 1-th paragraph should start with the word sford. The paragraphs should be separated by two new lines.,"[""detectable_format:json_format"", ""keywords:forbidden_words"", ""change_case:english_capital"", ""length_constraints:nth_paragraph_first_word""]","[{}, {""forbidden_words"": [""nickname""]}, {}, {""first_word"": ""sford"", ""num_paragraphs"": 3, ""nth_paragraph"": 1}]"
63,"[{""role"": ""user"", ""content"": ""I work in the marketing department and I need your help. I need a template for an advertisement for a new product which is a portable camera. In the template, capitalize a few words to stress main points. Please limit the number of words with all capital letters to less than four. Your response should contain at least ten sentences.""}, {""role"": ""user"", ""content"": ""The result must contain a title wrapped in double angular brackets, i.e. <<title>>.""}, {""role"": ""user"", ""content"": ""Wrap your whole response with double quotation marks.""}]","I work in the marketing department and I need your help. I need a template for an advertisement for a new product which is a portable camera. In the template, capitalize a few words to stress main points. Please limit the number of words with all capital letters to less than four. Your response should contain at least ten sentences.","The result must contain a title wrapped in double angular brackets, i.e. <<title>>.",Wrap your whole response with double quotation marks.,"[""change_case:capital_word_frequency"", ""length_constraints:number_sentences"", ""detectable_format:title"", ""startend:quotation""]","[{""capital_relation"": ""less than"", ""capital_frequency"": 4}, {""relation"": ""at least"", ""num_sentences"": 10}, {}, {}]"
64,"[{""role"": ""user"", ""content"": ""I work in the marketing department and I need your help. I need a template for an advertisement for a new product which is a portable camera. In the template, capitalize a few words to stress main points. Please limit the number of words with all capital letters to less than four. Your response should contain at least ten sentences.""}, {""role"": ""user"", ""content"": ""The text should contain a postscript marker, specifically the phrase \""P.S.\"", which indicates additional information or a final thought.""}, {""role"": ""user"", ""content"": ""Your response should end with the exact phrase: \""capture the world in your pocket.\"" No other words should follow this phrase.""}]","I work in the marketing department and I need your help. I need a template for an advertisement for a new product which is a portable camera. In the template, capitalize a few words to stress main points. Please limit the number of words with all capital letters to less than four. Your response should contain at least ten sentences.","The text should contain a postscript marker, specifically the phrase ""P.S."", which indicates additional information or a final thought.","Your response should end with the exact phrase: ""capture the world in your pocket."" No other words should follow this phrase.","[""change_case:capital_word_frequency"", ""length_constraints:number_sentences"", ""detectable_content:postscript"", ""startend:end_checker""]","[{""capital_relation"": ""less than"", ""capital_frequency"": 4}, {""relation"": ""at least"", ""num_sentences"": 10}, {""postscript_marker"": ""P.S.""}, {""end_phrase"": ""capture the world in your pocket.""}]"
65,"[{""role"": ""user"", ""content"": ""Can you write me an essay about the history of Martin Van Buren's presidency? Make sure that it's in English and not a single letter in your entire response is capitalized whatsoever.""}, {""role"": ""user"", ""content"": ""The result should contain exactly 6 paragraphs. The paragraphs should be separated by the markdown divider: ***.""}, {""role"": ""user"", ""content"": ""Your response should include the word economy at least 3 times.""}]",Can you write me an essay about the history of Martin Van Buren's presidency? Make sure that it's in English and not a single letter in your entire response is capitalized whatsoever.,The result should contain exactly 6 paragraphs. The paragraphs should be separated by the markdown divider: ***.,Your response should include the word economy at least 3 times.,"[""change_case:english_lowercase"", ""length_constraints:number_paragraphs"", ""keywords:frequency""]","[{}, {""num_paragraphs"": 6}, {""relation"": ""at least"", ""keyword"": ""economy"", ""frequency"": 3}]"
66,"[{""role"": ""user"", ""content"": ""Can you write me an essay about the history of Martin Van Buren's presidency? Make sure that it's in English and not a single letter in your entire response is capitalized whatsoever.""}, {""role"": ""user"", ""content"": ""The text should contain a postscript marker, specifically the phrase \""P.S.\"", which indicates additional information or a final thought.""}, {""role"": ""user"", ""content"": ""Your response should not include the following words: democrat, improvement, texas.""}]",Can you write me an essay about the history of Martin Van Buren's presidency? Make sure that it's in English and not a single letter in your entire response is capitalized whatsoever.,"The text should contain a postscript marker, specifically the phrase ""P.S."", which indicates additional information or a final thought.","Your response should not include the following words: democrat, improvement, texas.","[""change_case:english_lowercase"", ""detectable_content:postscript"", ""keywords:forbidden_words""]","[{}, {""postscript_marker"": ""P.S.""}, {""forbidden_words"": [""democrat"", ""improvement"", ""texas""]}]"
67,"[{""role"": ""user"", ""content"": ""Write a rubric for evaluating a musical composition. Please wrap your entire reply with double quotation marks. There should be exactly 6 paragraphs separated by the markdown divider: ***\nIn your response, use words with all capital letters (such as \""RUBRIC\"") at least 5 times.""}, {""role"": ""user"", ""content"": ""The result must contain a title wrapped in double angular brackets, i.e. <<title>>.""}, {""role"": ""user"", ""content"": ""Your response should not include the following words: dynamics, harmony, expression.""}]","Write a rubric for evaluating a musical composition. Please wrap your entire reply with double quotation marks. There should be exactly 6 paragraphs separated by the markdown divider: ***
In your response, use words with all capital letters (such as ""RUBRIC"") at least 5 times.","The result must contain a title wrapped in double angular brackets, i.e. <<title>>.","Your response should not include the following words: dynamics, harmony, expression.","[""startend:quotation"", ""length_constraints:number_paragraphs"", ""change_case:capital_word_frequency"", ""detectable_format:title"", ""keywords:forbidden_words""]","[{}, {""num_paragraphs"": 6}, {""capital_relation"": ""at least"", ""capital_frequency"": 5}, {}, {""forbidden_words"": [""dynamics"", ""harmony"", ""expression""]}]"
68,"[{""role"": ""user"", ""content"": ""Write a rubric for evaluating a musical composition. Please wrap your entire reply with double quotation marks. There should be exactly 6 paragraphs separated by the markdown divider: ***\nIn your response, use words with all capital letters (such as \""RUBRIC\"") at least 5 times.""}, {""role"": ""user"", ""content"": ""Your response should include the following keywords: expression, technique, melody.""}, {""role"": ""user"", ""content"": ""The text should contain a postscript marker, specifically the phrase \""P.S.\"", which indicates additional information or a final thought.""}]","Write a rubric for evaluating a musical composition. Please wrap your entire reply with double quotation marks. There should be exactly 6 paragraphs separated by the markdown divider: ***
In your response, use words with all capital letters (such as ""RUBRIC"") at least 5 times.","Your response should include the following keywords: expression, technique, melody.","The text should contain a postscript marker, specifically the phrase ""P.S."", which indicates additional information or a final thought.","[""startend:quotation"", ""length_constraints:number_paragraphs"", ""change_case:capital_word_frequency"", ""keywords:existence"", ""detectable_content:postscript""]","[{}, {""num_paragraphs"": 6}, {""capital_relation"": ""at least"", ""capital_frequency"": 5}, {""keywords"": [""expression"", ""technique"", ""melody""]}, {""postscript_marker"": ""P.S.""}]"
69,"[{""role"": ""user"", ""content"": ""Write a professional email that you could send to ask your boss for a raise. At the end of your response, explicitly add a postscript starting with P.P.S\n\nFinish your entire response with this exact phrase: Hope you agree with me.""}, {""role"": ""user"", ""content"": ""Make sure your entire response is in English, and in all capital letters.""}, {""role"": ""user"", ""content"": ""Your response should include the word salary at least 2 times.""}]","Write a professional email that you could send to ask your boss for a raise. At the end of your response, explicitly add a postscript starting with P.P.S

Finish your entire response with this exact phrase: Hope you agree with me.","Make sure your entire response is in English, and in all capital letters.",Your response should include the word salary at least 2 times.,"[""detectable_content:postscript"", ""startend:end_checker"", ""change_case:english_capital"", ""keywords:frequency""]","[{""postscript_marker"": ""P.P.S""}, {""end_phrase"": ""Hope you agree with me.""}, {}, {""relation"": ""at least"", ""keyword"": ""salary"", ""frequency"": 2}]"
70,"[{""role"": ""user"", ""content"": ""Rewrite the following sentence in only Vietnamese, no other language is allowed, and refrain from using commas: \""We may be able to improve our model for the next year. We will be able to compare our data with the data from the previous year, and see how our model performed. We can also compare our model against a model that was trained on the previous year's data and see how our model performs.\"" No other language except Vietnamese is allowed to be used in your response.""}, {""role"": ""user"", ""content"": ""The output should contain exactly 3 paragraphs. The paragraphs should be separated by the markdown divider: ***.""}, {""role"": ""user"", ""content"": ""Your response should not include the following words: mô, tiến, năm.""}]","Rewrite the following sentence in only Vietnamese, no other language is allowed, and refrain from using commas: ""We may be able to improve our model for the next year. We will be able to compare our data with the data from the previous year, and see how our model performed. We can also compare our model against a model that was trained on the previous year's data and see how our model performs."" No other language except Vietnamese is allowed to be used in your response.",The output should contain exactly 3 paragraphs. The paragraphs should be separated by the markdown divider: ***.,"Your response should not include the following words: mô, tiến, năm.","[""punctuation:no_comma"", ""language:response_language"", ""length_constraints:number_paragraphs"", ""keywords:forbidden_words""]","[{}, {""language"": ""vi""}, {""num_paragraphs"": 3}, {""forbidden_words"": [""mô"", ""tiến"", ""năm""]}]"
71,"[{""role"": ""user"", ""content"": ""Rewrite the following sentence in only Vietnamese, no other language is allowed, and refrain from using commas: \""We may be able to improve our model for the next year. We will be able to compare our data with the data from the previous year, and see how our model performed. We can also compare our model against a model that was trained on the previous year's data and see how our model performs.\"" No other language except Vietnamese is allowed to be used in your response.""}, {""role"": ""user"", ""content"": ""The result must contain a title wrapped in double angular brackets, i.e. <<title>>.""}, {""role"": ""user"", ""content"": ""Your response should include the word cải at least 3 times.""}]","Rewrite the following sentence in only Vietnamese, no other language is allowed, and refrain from using commas: ""We may be able to improve our model for the next year. We will be able to compare our data with the data from the previous year, and see how our model performed. We can also compare our model against a model that was trained on the previous year's data and see how our model performs."" No other language except Vietnamese is allowed to be used in your response.","The result must contain a title wrapped in double angular brackets, i.e. <<title>>.",Your response should include the word cải at least 3 times.,"[""punctuation:no_comma"", ""language:response_language"", ""detectable_format:title"", ""keywords:frequency""]","[{}, {""language"": ""vi""}, {}, {""relation"": ""at least"", ""keyword"": ""cải"", ""frequency"": 3}]"
72,"[{""role"": ""user"", ""content"": ""How to write a good Chinese poem? At the end of your response, please explicitly add a note starting with \""P.S.\""""}, {""role"": ""user"", ""content"": ""Make sure your entire response is in English, and in all capital letters.""}, {""role"": ""user"", ""content"": ""The result must contain a title wrapped in double angular brackets, i.e. <<title>>.""}]","How to write a good Chinese poem? At the end of your response, please explicitly add a note starting with ""P.S.""","Make sure your entire response is in English, and in all capital letters.","The result must contain a title wrapped in double angular brackets, i.e. <<title>>.","[""detectable_content:postscript"", ""change_case:english_capital"", ""detectable_format:title""]","[{""postscript_marker"": ""P.S.""}, {}, {}]"
73,"[{""role"": ""user"", ""content"": ""How to write a good Chinese poem? At the end of your response, please explicitly add a note starting with \""P.S.\""""}, {""role"": ""user"", ""content"": ""The text should contain at least 2 sections separated by the word \""Audience\"".""}, {""role"": ""user"", ""content"": ""In your response, words in all capital letters should have at least 2 times.""}]","How to write a good Chinese poem? At the end of your response, please explicitly add a note starting with ""P.S.""","The text should contain at least 2 sections separated by the word ""Audience"".","In your response, words in all capital letters should have at least 2 times.","[""detectable_content:postscript"", ""detectable_format:multiple_sections"", ""change_case:capital_word_frequency""]","[{""postscript_marker"": ""P.S.""}, {""section_spliter"": ""Audience"", ""num_sections"": 2}, {""capital_relation"": ""at least"", ""capital_frequency"": 2}]"
74,"[{""role"": ""user"", ""content"": ""Write an itinerary for a trip to a grocery store in Lima to buy some local goods. Make the itinerary funny, write it in all capital letters and include the keywords 'DISGUSTING', 'DELICIOUS', 'BAD', and 'GOOD'.""}, {""role"": ""user"", ""content"": ""Wrap your whole response with double quotation marks.""}, {""role"": ""user"", ""content"": ""The text should contain at least 900 words.""}]","Write an itinerary for a trip to a grocery store in Lima to buy some local goods. Make the itinerary funny, write it in all capital letters and include the keywords 'DISGUSTING', 'DELICIOUS', 'BAD', and 'GOOD'.",Wrap your whole response with double quotation marks.,The text should contain at least 900 words.,"[""change_case:english_capital"", ""keywords:existence"", ""startend:quotation"", ""length_constraints:number_words""]","[{}, {""keywords"": [""disgusting"", ""delicious"", ""bad"", ""good""]}, {}, {""relation"": ""at least"", ""num_words"": 900}]"
75,"[{""role"": ""user"", ""content"": ""Hallucinate a resume for a glass artist in Adelaide. Make sure the resume is in English and all lowercase. The resume should have at least 800 words.""}, {""role"": ""user"", ""content"": ""You should provide two responses. Separate your two responses with six asterisks (******)""}, {""role"": ""user"", ""content"": ""The result must contain a title wrapped in double angular brackets, i.e. <<title>>.""}]",Hallucinate a resume for a glass artist in Adelaide. Make sure the resume is in English and all lowercase. The resume should have at least 800 words.,You should provide two responses. Separate your two responses with six asterisks (******),"The result must contain a title wrapped in double angular brackets, i.e. <<title>>.","[""length_constraints:number_words"", ""change_case:english_lowercase"", ""combination:two_responses"", ""detectable_format:title""]","[{""relation"": ""at least"", ""num_words"": 800}, {}, {}, {}]"
76,"[{""role"": ""user"", ""content"": ""Hallucinate a resume for a glass artist in Adelaide. Make sure the resume is in English and all lowercase. The resume should have at least 800 words.""}, {""role"": ""user"", ""content"": ""The result must contain a title wrapped in double angular brackets, i.e. <<title>>.""}, {""role"": ""user"", ""content"": ""Your response should not include the following words: award, education, gallery.""}]",Hallucinate a resume for a glass artist in Adelaide. Make sure the resume is in English and all lowercase. The resume should have at least 800 words.,"The result must contain a title wrapped in double angular brackets, i.e. <<title>>.","Your response should not include the following words: award, education, gallery.","[""length_constraints:number_words"", ""change_case:english_lowercase"", ""detectable_format:title"", ""keywords:forbidden_words""]","[{""relation"": ""at least"", ""num_words"": 800}, {}, {}, {""forbidden_words"": [""award"", ""education"", ""gallery""]}]"
77,"[{""role"": ""user"", ""content"": ""Explain to a group of elementary school students why we have seasons. You should add a postscript starting with P.S. at the end of your response.""}, {""role"": ""user"", ""content"": ""Your response should have 7 paragraphs and the 7-th paragraph should start with the word hemisphere. The paragraphs should be separated by two new lines.""}, {""role"": ""user"", ""content"": ""In your response, words in all capital letters should have less than 5 times.""}]",Explain to a group of elementary school students why we have seasons. You should add a postscript starting with P.S. at the end of your response.,Your response should have 7 paragraphs and the 7-th paragraph should start with the word hemisphere. The paragraphs should be separated by two new lines.,"In your response, words in all capital letters should have less than 5 times.","[""detectable_content:postscript"", ""length_constraints:nth_paragraph_first_word"", ""change_case:capital_word_frequency""]","[{""postscript_marker"": ""P.S.""}, {""first_word"": ""hemisphere"", ""num_paragraphs"": 7, ""nth_paragraph"": 7}, {""capital_relation"": ""less than"", ""capital_frequency"": 5}]"
78,"[{""role"": ""user"", ""content"": ""I asked a friend about how to remove rust from my bike chain. He told me to pour coke on it and then scrub it with a steel wool. Is this a good way to remove rust? Respond with at least 20 sentences and have more than 4 words be in all capital letters.""}, {""role"": ""user"", ""content"": ""The result must contain a title wrapped in double angular brackets, i.e. <<title>>.""}, {""role"": ""user"", ""content"": ""Your response should end with the exact phrase: \""remember, regular maintenance keeps your bike in top condition.\"" No other words should follow this phrase.""}]",I asked a friend about how to remove rust from my bike chain. He told me to pour coke on it and then scrub it with a steel wool. Is this a good way to remove rust? Respond with at least 20 sentences and have more than 4 words be in all capital letters.,"The result must contain a title wrapped in double angular brackets, i.e. <<title>>.","Your response should end with the exact phrase: ""remember, regular maintenance keeps your bike in top condition."" No other words should follow this phrase.","[""length_constraints:number_sentences"", ""change_case:capital_word_frequency"", ""detectable_format:title"", ""startend:end_checker""]","[{""relation"": ""at least"", ""num_sentences"": 20}, {""capital_relation"": ""at least"", ""capital_frequency"": 5}, {}, {""end_phrase"": ""remember, regular maintenance keeps your bike in top condition.""}]"
79,"[{""role"": ""user"", ""content"": ""I asked a friend about how to remove rust from my bike chain. He told me to pour coke on it and then scrub it with a steel wool. Is this a good way to remove rust? Respond with at least 20 sentences and have more than 4 words be in all capital letters.""}, {""role"": ""user"", ""content"": ""Your response should end with the exact phrase: \""remember, regular maintenance keeps your bike in top condition.\"" No other words should follow this phrase.""}, {""role"": ""user"", ""content"": ""Your response should not include the following words: durable, abrasive, rinse.""}]",I asked a friend about how to remove rust from my bike chain. He told me to pour coke on it and then scrub it with a steel wool. Is this a good way to remove rust? Respond with at least 20 sentences and have more than 4 words be in all capital letters.,"Your response should end with the exact phrase: ""remember, regular maintenance keeps your bike in top condition."" No other words should follow this phrase.","Your response should not include the following words: durable, abrasive, rinse.","[""length_constraints:number_sentences"", ""change_case:capital_word_frequency"", ""startend:end_checker"", ""keywords:forbidden_words""]","[{""relation"": ""at least"", ""num_sentences"": 20}, {""capital_relation"": ""at least"", ""capital_frequency"": 5}, {""end_phrase"": ""remember, regular maintenance keeps your bike in top condition.""}, {""forbidden_words"": [""durable"", ""abrasive"", ""rinse""]}]"
80,"[{""role"": ""user"", ""content"": ""Create an English name for a luxury real estate company that sells beachfront homes. All letters in your response must be lower case letters. Also, please put double quotation marks around your entire response.""}, {""role"": ""user"", ""content"": ""The result should contain at least 7 sections, and each section should be separated by the word \""Day\"".""}, {""role"": ""user"", ""content"": ""Your response should not include the following words: waterfront, oasis, haven.""}]","Create an English name for a luxury real estate company that sells beachfront homes. All letters in your response must be lower case letters. Also, please put double quotation marks around your entire response.","The result should contain at least 7 sections, and each section should be separated by the word ""Day"".","Your response should not include the following words: waterfront, oasis, haven.","[""change_case:english_lowercase"", ""startend:quotation"", ""detectable_format:multiple_sections"", ""keywords:forbidden_words""]","[{}, {}, {""section_spliter"": ""Day"", ""num_sections"": 7}, {""forbidden_words"": [""waterfront"", ""oasis"", ""haven""]}]"
81,"[{""role"": ""user"", ""content"": ""Write a short article about the morphology of the Ukrainian language, with 200 words or less. Make sure the letter c appears at least 60 times in your response.""}, {""role"": ""user"", ""content"": ""Make sure your entire response is in English, and in all capital letters.""}, {""role"": ""user"", ""content"": ""There should be 1 section highlighted with markdown, example: *highlighted section*.""}]","Write a short article about the morphology of the Ukrainian language, with 200 words or less. Make sure the letter c appears at least 60 times in your response.","Make sure your entire response is in English, and in all capital letters.","There should be 1 section highlighted with markdown, example: *highlighted section*.","[""keywords:letter_frequency"", ""length_constraints:number_words"", ""change_case:english_capital"", ""detectable_format:number_highlighted_sections""]","[{""let_relation"": ""at least"", ""letter"": ""c"", ""let_frequency"": 60}, {""relation"": ""less than"", ""num_words"": 201}, {}, {""num_highlights"": 1}]"
82,"[{""role"": ""user"", ""content"": ""Write a song about being excited to go on vacation, without using the letter e whatsoever in your entire response. Separate your song into 3 parts, where each part is separated with ***.""}, {""role"": ""user"", ""content"": ""The result must contain a title wrapped in double angular brackets, i.e. <<title>>.""}, {""role"": ""user"", ""content"": ""Your result must be entirely in lowercase English.""}]","Write a song about being excited to go on vacation, without using the letter e whatsoever in your entire response. Separate your song into 3 parts, where each part is separated with ***.","The result must contain a title wrapped in double angular brackets, i.e. <<title>>.",Your result must be entirely in lowercase English.,"[""keywords:letter_frequency"", ""length_constraints:number_paragraphs"", ""detectable_format:title"", ""change_case:english_lowercase""]","[{""let_relation"": ""less than"", ""letter"": ""e"", ""let_frequency"": 1}, {""num_paragraphs"": 3}, {}, {}]"
83,"[{""role"": ""user"", ""content"": ""Write a song about being excited to go on vacation, without using the letter e whatsoever in your entire response. Separate your song into 3 parts, where each part is separated with ***.""}, {""role"": ""user"", ""content"": ""Make sure your entire response is in English, and in all capital letters.""}, {""role"": ""user"", ""content"": ""The result must contain a title wrapped in double angular brackets, i.e. <<title>>.""}]","Write a song about being excited to go on vacation, without using the letter e whatsoever in your entire response. Separate your song into 3 parts, where each part is separated with ***.","Make sure your entire response is in English, and in all capital letters.","The result must contain a title wrapped in double angular brackets, i.e. <<title>>.","[""keywords:letter_frequency"", ""length_constraints:number_paragraphs"", ""change_case:english_capital"", ""detectable_format:title""]","[{""let_relation"": ""less than"", ""letter"": ""e"", ""let_frequency"": 1}, {""num_paragraphs"": 3}, {}, {}]"
84,"[{""role"": ""user"", ""content"": ""Expand the following and make it funny: Jeanne has rolled the dice. She thought she lost, but actually she won.\n\nItalicize at least 10 text parts with markdown (using * to italicize, like *italic text*).\nDo not use any commas in your response.""}, {""role"": ""user"", ""content"": ""In your response, words in all capital letters should have at least 20 times.""}, {""role"": ""user"", ""content"": ""Wrap your whole response with double quotation marks.""}]","Expand the following and make it funny: Jeanne has rolled the dice. She thought she lost, but actually she won.

Italicize at least 10 text parts with markdown (using * to italicize, like *italic text*).
Do not use any commas in your response.","In your response, words in all capital letters should have at least 20 times.",Wrap your whole response with double quotation marks.,"[""detectable_format:number_highlighted_sections"", ""punctuation:no_comma"", ""change_case:capital_word_frequency"", ""startend:quotation""]","[{""num_highlights"": 10}, {}, {""capital_relation"": ""at least"", ""capital_frequency"": 20}, {}]"
85,"[{""role"": ""user"", ""content"": ""Rewrite the following sentence into an email, and make sure it contains at least 10 placeholders represented by square brackets, such as [name]: The boots are warm but a little uncomfortable.""}, {""role"": ""user"", ""content"": ""Your response should end with the exact phrase: \""looking forward to your prompt response.\"" No other words should follow this phrase.""}, {""role"": ""user"", ""content"": ""Your response should not include the following words: appreciation, product, exchange.""}]","Rewrite the following sentence into an email, and make sure it contains at least 10 placeholders represented by square brackets, such as [name]: The boots are warm but a little uncomfortable.","Your response should end with the exact phrase: ""looking forward to your prompt response."" No other words should follow this phrase.","Your response should not include the following words: appreciation, product, exchange.","[""detectable_content:number_placeholders"", ""startend:end_checker"", ""keywords:forbidden_words""]","[{""num_placeholders"": 10}, {""end_phrase"": ""looking forward to your prompt response.""}, {""forbidden_words"": [""appreciation"", ""product"", ""exchange""]}]"
86,"[{""role"": ""user"", ""content"": ""Write a 100-word advertisement for a company called \""Drags and Races\"". Don't contain the letter \""p\"" in your reply.""}, {""role"": ""user"", ""content"": ""Your response should contain 2 sections separated by the word 'PARAGRAPH'.""}, {""role"": ""user"", ""content"": ""The text should contain a postscript marker, specifically the phrase \""P.S.\"", which indicates additional information or a final thought.""}]","Write a 100-word advertisement for a company called ""Drags and Races"". Don't contain the letter ""p"" in your reply.",Your response should contain 2 sections separated by the word 'PARAGRAPH'.,"The text should contain a postscript marker, specifically the phrase ""P.S."", which indicates additional information or a final thought.","[""keywords:letter_frequency"", ""length_constraints:number_words"", ""detectable_format:multiple_sections"", ""detectable_content:postscript""]","[{""let_relation"": ""less than"", ""letter"": ""p"", ""let_frequency"": 1}, {""relation"": ""at least"", ""num_words"": 100}, {""section_spliter"": ""PARAGRAPH"", ""num_sections"": 2}, {""postscript_marker"": ""P.S.""}]"
87,"[{""role"": ""user"", ""content"": ""What are some startup ideas that could help improve the lives of people in developing regions? Make sure your response is in English and only use lowercase letters. Your response should contain less than 20 sentences.""}, {""role"": ""user"", ""content"": ""The result must contain a title wrapped in double angular brackets, i.e. <<title>>.""}, {""role"": ""user"", ""content"": ""Your response should include the word recycling at least 3 times.""}]",What are some startup ideas that could help improve the lives of people in developing regions? Make sure your response is in English and only use lowercase letters. Your response should contain less than 20 sentences.,"The result must contain a title wrapped in double angular brackets, i.e. <<title>>.",Your response should include the word recycling at least 3 times.,"[""change_case:english_lowercase"", ""length_constraints:number_sentences"", ""detectable_format:title"", ""keywords:frequency""]","[{}, {""relation"": ""less than"", ""num_sentences"": 20}, {}, {""relation"": ""at least"", ""keyword"": ""recycling"", ""frequency"": 3}]"
88,"[{""role"": ""user"", ""content"": ""What are some startup ideas that could help improve the lives of people in developing regions? Make sure your response is in English and only use lowercase letters. Your response should contain less than 20 sentences.""}, {""role"": ""user"", ""content"": ""The text should contain a postscript marker, specifically the phrase \""P.S.\"", which indicates additional information or a final thought.""}, {""role"": ""user"", ""content"": ""Your response should end with the exact phrase: \""together, we can make a difference.\"" No other words should follow this phrase.""}]",What are some startup ideas that could help improve the lives of people in developing regions? Make sure your response is in English and only use lowercase letters. Your response should contain less than 20 sentences.,"The text should contain a postscript marker, specifically the phrase ""P.S."", which indicates additional information or a final thought.","Your response should end with the exact phrase: ""together, we can make a difference."" No other words should follow this phrase.","[""change_case:english_lowercase"", ""length_constraints:number_sentences"", ""detectable_content:postscript"", ""startend:end_checker""]","[{}, {""relation"": ""less than"", ""num_sentences"": 20}, {""postscript_marker"": ""P.S.""}, {""end_phrase"": ""together, we can make a difference.""}]"
89,"[{""role"": ""user"", ""content"": ""Write a blog post about the sleek new magistrates with at least 300 words. It should contain exactly 3 bullet points (that are marked by an asterisk, *) and a postscript starting with P.S. at the end.""}, {""role"": ""user"", ""content"": ""Make sure your entire response is in English, and in all capital letters.""}, {""role"": ""user"", ""content"": ""Your response should include the word courthouse at least 2 times.""}]","Write a blog post about the sleek new magistrates with at least 300 words. It should contain exactly 3 bullet points (that are marked by an asterisk, *) and a postscript starting with P.S. at the end.","Make sure your entire response is in English, and in all capital letters.",Your response should include the word courthouse at least 2 times.,"[""length_constraints:number_words"", ""detectable_format:number_bullet_lists"", ""detectable_content:postscript"", ""change_case:english_capital"", ""keywords:frequency""]","[{""relation"": ""at least"", ""num_words"": 300}, {""num_bullets"": 3}, {""postscript_marker"": ""P.S.""}, {}, {""relation"": ""at least"", ""keyword"": ""courthouse"", ""frequency"": 2}]"
90,"[{""role"": ""user"", ""content"": ""Write a blog post about the sleek new magistrates with at least 300 words. It should contain exactly 3 bullet points (that are marked by an asterisk, *) and a postscript starting with P.S. at the end.""}, {""role"": ""user"", ""content"": ""Your response should end with the exact phrase: \""remember, progress in legal infrastructure reflects our commitment to justice and community.\"" No other words should follow this phrase.""}, {""role"": ""user"", ""content"": ""Your response should include the word design at least 1 times.""}]","Write a blog post about the sleek new magistrates with at least 300 words. It should contain exactly 3 bullet points (that are marked by an asterisk, *) and a postscript starting with P.S. at the end.","Your response should end with the exact phrase: ""remember, progress in legal infrastructure reflects our commitment to justice and community."" No other words should follow this phrase.",Your response should include the word design at least 1 times.,"[""length_constraints:number_words"", ""detectable_format:number_bullet_lists"", ""detectable_content:postscript"", ""startend:end_checker"", ""keywords:frequency""]","[{""relation"": ""at least"", ""num_words"": 300}, {""num_bullets"": 3}, {""postscript_marker"": ""P.S.""}, {""end_phrase"": ""remember, progress in legal infrastructure reflects our commitment to justice and community.""}, {""relation"": ""at least"", ""keyword"": ""design"", ""frequency"": 1}]"
91,"[{""role"": ""user"", ""content"": ""Generate a summary of the following passage in all capital letters:\n\nWorld War II or the Second World War, often abbreviated as WWII or WW2, was a global conflict that lasted from 1939 to 1945. The vast majority of the world's countries, including all of the great powers, fought as part of two opposing military alliances: the Allies and the Axis. Many participants threw their economic, industrial, and scientific capabilities behind this total war, blurring the distinction between civilian and military resources. Aircraft played a major role, enabling the strategic bombing of population centres and the delivery of the only two nuclear weapons ever used in war. World War II was by far the deadliest conflict in history, resulting in an estimated 70 to 85 million fatalities, mostly among civilians. Tens of millions died due to genocides (including the Holocaust), starvation, massacres, and disease. In the wake of Axis defeat, Germany, Austria and Japan were occupied, and war crimes tribunals were conducted against German and Japanese leaders.""}, {""role"": ""user"", ""content"": ""The result must contain a title wrapped in double angular brackets, i.e. <<title>>.""}, {""role"": ""user"", ""content"": ""The number of sentences in your response should be less than 6.""}]","Generate a summary of the following passage in all capital letters:

World War II or the Second World War, often abbreviated as WWII or WW2, was a global conflict that lasted from 1939 to 1945. The vast majority of the world's countries, including all of the great powers, fought as part of two opposing military alliances: the Allies and the Axis. Many participants threw their economic, industrial, and scientific capabilities behind this total war, blurring the distinction between civilian and military resources. Aircraft played a major role, enabling the strategic bombing of population centres and the delivery of the only two nuclear weapons ever used in war. World War II was by far the deadliest conflict in history, resulting in an estimated 70 to 85 million fatalities, mostly among civilians. Tens of millions died due to genocides (including the Holocaust), starvation, massacres, and disease. In the wake of Axis defeat, Germany, Austria and Japan were occupied, and war crimes tribunals were conducted against German and Japanese leaders.","The result must contain a title wrapped in double angular brackets, i.e. <<title>>.",The number of sentences in your response should be less than 6.,"[""change_case:english_capital"", ""detectable_format:title"", ""length_constraints:number_sentences""]","[{}, {}, {""relation"": ""less than"", ""num_sentences"": 6}]"
92,"[{""role"": ""user"", ""content"": ""Write a story from a perspective of a man. Include some conversation in the story. Avoid using the letter i more than twice.""}, {""role"": ""user"", ""content"": ""The output should contain exactly 3 paragraphs. The paragraphs should be separated by the markdown divider: ***.""}, {""role"": ""user"", ""content"": ""Your result must be entirely in lowercase English.""}]",Write a story from a perspective of a man. Include some conversation in the story. Avoid using the letter i more than twice.,The output should contain exactly 3 paragraphs. The paragraphs should be separated by the markdown divider: ***.,Your result must be entirely in lowercase English.,"[""keywords:letter_frequency"", ""length_constraints:number_paragraphs"", ""change_case:english_lowercase""]","[{""let_relation"": ""less than"", ""letter"": ""i"", ""let_frequency"": 3}, {""num_paragraphs"": 3}, {}]"
93,"[{""role"": ""user"", ""content"": ""Write a story from a perspective of a man. Include some conversation in the story. Avoid using the letter i more than twice.""}, {""role"": ""user"", ""content"": ""The result must contain a title wrapped in double angular brackets, i.e. <<title>>.""}, {""role"": ""user"", ""content"": ""Your result should contain less than 121 words.""}]",Write a story from a perspective of a man. Include some conversation in the story. Avoid using the letter i more than twice.,"The result must contain a title wrapped in double angular brackets, i.e. <<title>>.",Your result should contain less than 121 words.,"[""keywords:letter_frequency"", ""detectable_format:title"", ""length_constraints:number_words""]","[{""let_relation"": ""less than"", ""letter"": ""i"", ""let_frequency"": 3}, {}, {""relation"": ""less than"", ""num_words"": 121}]"
94,"[{""role"": ""user"", ""content"": ""Invent a funny tagline for a local comedy show, and put your whole response in double quotes.""}, {""role"": ""user"", ""content"": ""The result must contain a title wrapped in double angular brackets, i.e. <<title>>.""}, {""role"": ""user"", ""content"": ""In your response, words in all capital letters should have at least 1 times.""}]","Invent a funny tagline for a local comedy show, and put your whole response in double quotes.","The result must contain a title wrapped in double angular brackets, i.e. <<title>>.","In your response, words in all capital letters should have at least 1 times.","[""startend:quotation"", ""detectable_format:title"", ""change_case:capital_word_frequency""]","[{}, {}, {""capital_relation"": ""at least"", ""capital_frequency"": 1}]"
95,"[{""role"": ""user"", ""content"": ""Write me a template for a product description in the form of a poem and end it with a post script starting with P.P.S""}, {""role"": ""user"", ""content"": ""The text should contain fewer than 31 sentences.""}, {""role"": ""user"", ""content"": ""Your response should end with the exact phrase: \""p.p.s. thank you for considering our creation.\"" No other words should follow this phrase.""}]",Write me a template for a product description in the form of a poem and end it with a post script starting with P.P.S,The text should contain fewer than 31 sentences.,"Your response should end with the exact phrase: ""p.p.s. thank you for considering our creation."" No other words should follow this phrase.","[""detectable_content:postscript"", ""length_constraints:number_sentences"", ""startend:end_checker""]","[{""postscript_marker"": ""P.P.S""}, {""relation"": ""less than"", ""num_sentences"": 31}, {""end_phrase"": ""p.p.s. thank you for considering our creation.""}]"
96,"[{""role"": ""user"", ""content"": ""\""The man was arrested for stealing a car. He was later released on bail.\"" Expand on it angrily in a rap style, and make sure there are exactly 4 sections. Separated the sections by the markdown divider: ***""}, {""role"": ""user"", ""content"": ""Your response should end with the exact phrase: \""but justice's voice will rise above it all.\"" No other words should follow this phrase.""}, {""role"": ""user"", ""content"": ""Your result must be entirely in lowercase English.""}]","The man was arrested for stealing a car. He was later released on bail. Expand on it angrily in a rap style, and make sure there are exactly 4 sections. Separated the sections by the markdown divider: ***","Your response should end with the exact phrase: ""but justice's voice will rise above it all."" No other words should follow this phrase.",Your result must be entirely in lowercase English.,"[""length_constraints:number_paragraphs"", ""startend:end_checker"", ""change_case:english_lowercase""]","[{""num_paragraphs"": 4}, {""end_phrase"": ""but justice's voice will rise above it all.""}, {}]"
97,"[{""role"": ""user"", ""content"": ""Take the text below as a starting point, and make it a complete article: \""You may have to meet with a helper to work out a parenting plan. The first would be to estimate how many time you have everyday for parenting, and is that enough....\""\nAvoid using the following keywords: sleep, cook, feed\nMention the keyword 'schedule' for more than 5 times.""}, {""role"": ""user"", ""content"": ""The result must contain a title wrapped in double angular brackets, i.e. <<title>>.""}, {""role"": ""user"", ""content"": ""Wrap your whole response with double quotation marks.""}]","Take the text below as a starting point, and make it a complete article: ""You may have to meet with a helper to work out a parenting plan. The first would be to estimate how many time you have everyday for parenting, and is that enough....""
Avoid using the following keywords: sleep, cook, feed
Mention the keyword 'schedule' for more than 5 times.","The result must contain a title wrapped in double angular brackets, i.e. <<title>>.",Wrap your whole response with double quotation marks.,"[""keywords:forbidden_words"", ""keywords:frequency"", ""detectable_format:title"", ""startend:quotation""]","[{""forbidden_words"": [""sleep"", ""cook"", ""feed""]}, {""relation"": ""at least"", ""keyword"": ""schedule"", ""frequency"": 6}, {}, {}]"
98,"[{""role"": ""user"", ""content"": ""Take the text below as a starting point, and make it a complete article: \""You may have to meet with a helper to work out a parenting plan. The first would be to estimate how many time you have everyday for parenting, and is that enough....\""\nAvoid using the following keywords: sleep, cook, feed\nMention the keyword 'schedule' for more than 5 times.""}, {""role"": ""user"", ""content"": ""The result must contain a title wrapped in double angular brackets, i.e. <<title>>.""}, {""role"": ""user"", ""content"": ""Your response should have 3 paragraphs and the 1-th paragraph should start with the word adjustments. The paragraphs should be separated by two new lines.""}]","Take the text below as a starting point, and make it a complete article: ""You may have to meet with a helper to work out a parenting plan. The first would be to estimate how many time you have everyday for parenting, and is that enough....""
Avoid using the following keywords: sleep, cook, feed
Mention the keyword 'schedule' for more than 5 times.","The result must contain a title wrapped in double angular brackets, i.e. <<title>>.",Your response should have 3 paragraphs and the 1-th paragraph should start with the word adjustments. The paragraphs should be separated by two new lines.,"[""keywords:forbidden_words"", ""keywords:frequency"", ""detectable_format:title"", ""length_constraints:nth_paragraph_first_word""]","[{""forbidden_words"": [""sleep"", ""cook"", ""feed""]}, {""relation"": ""at least"", ""keyword"": ""schedule"", ""frequency"": 6}, {}, {""first_word"": ""adjustments"", ""num_paragraphs"": 3, ""nth_paragraph"": 1}]"
99,"[{""role"": ""user"", ""content"": ""Write a limerick about Hannah, a college student, doing an internship at a coffee company. Make sure that her father would love the limerick. Include the words \""intern\"" and \""grow\"".\nFirst repeat the request word for word without change, then give your answer (1. do not say any words or characters before repeating the request; 2. the request you need to repeat does not include this sentence)""}, {""role"": ""user"", ""content"": ""The result must contain a title wrapped in double angular brackets, i.e. <<title>>.""}, {""role"": ""user"", ""content"": ""Wrap your whole response with double quotation marks.""}]","Write a limerick about Hannah, a college student, doing an internship at a coffee company. Make sure that her father would love the limerick. Include the words ""intern"" and ""grow"".
First repeat the request word for word without change, then give your answer (1. do not say any words or characters before repeating the request; 2. the request you need to repeat does not include this sentence)","The result must contain a title wrapped in double angular brackets, i.e. <<title>>.",Wrap your whole response with double quotation marks.,"[""combination:repeat_prompt"", ""keywords:existence"", ""detectable_format:title"", ""startend:quotation""]","[{""prompt_to_repeat"": ""Write a limerick about Hannah, a college student, doing an internship at a coffee company. Make sure that her father would love the limerick. Include the words \""intern\"" and \""grow\"".""}, {""keywords"": [""intern"", ""grow""]}, {}, {}]"
100,"[{""role"": ""user"", ""content"": ""Write a limerick about Hannah, a college student, doing an internship at a coffee company. Make sure that her father would love the limerick. Include the words \""intern\"" and \""grow\"".\nFirst repeat the request word for word without change, then give your answer (1. do not say any words or characters before repeating the request; 2. the request you need to repeat does not include this sentence)""}, {""role"": ""user"", ""content"": ""There should be 1 section highlighted with markdown, example: *highlighted section*.""}, {""role"": ""user"", ""content"": ""Your response should end with the exact phrase: \""where beans and dreams both steam\"" No other words should follow this phrase.""}]","Write a limerick about Hannah, a college student, doing an internship at a coffee company. Make sure that her father would love the limerick. Include the words ""intern"" and ""grow"".
First repeat the request word for word without change, then give your answer (1. do not say any words or characters before repeating the request; 2. the request you need to repeat does not include this sentence)","There should be 1 section highlighted with markdown, example: *highlighted section*.","Your response should end with the exact phrase: ""where beans and dreams both steam"" No other words should follow this phrase.","[""combination:repeat_prompt"", ""keywords:existence"", ""detectable_format:number_highlighted_sections"", ""startend:end_checker""]","[{""prompt_to_repeat"": ""Write a limerick about Hannah, a college student, doing an internship at a coffee company. Make sure that her father would love the limerick. Include the words \""intern\"" and \""grow\"".""}, {""keywords"": [""intern"", ""grow""]}, {""num_highlights"": 1}, {""end_phrase"": ""where beans and dreams both steam""}]"
